Frame;Timestamp;Real Hand Position;Real Hand Rotation;Virtual Hand Position;Virtual Hand Rotation;Target;Redirection Technique;Target Real Position;Target Real Rotation;Target Virtual Position;Target Virtual Rotation;Body Position;Body Rotation;
0;12/16/2021 6:21:46 PM 700;(-0.1, 0.9, 0.0);(0.0, 0.0, 0.0, 1.0);(-0.1, 0.9, 0.0);(0.0, 0.0, 0.0, 1.0);---;---;---;---;---;---;(-0.1, 0.9, 0.0);(0.0, 0.0, 0.0, 1.0);
1;12/16/2021 6:21:46 PM 724;(0.0, 0.0, -0.1);(0.1, 0.1, 0.0, 1.0);(0.3, 0.8, -0.2);(-0.7, 0.2, -0.1, 0.6);---;---;---;---;---;---;(-0.1, 0.9, 0.0);(0.0, 0.0, 0.0, 1.0);
2;12/16/2021 6:21:46 PM 748;(0.3, 0.8, -0.2);(-0.7, 0.2, -0.1, 0.6);(0.3, 0.8, -0.2);(-0.7, 0.2, -0.1, 0.6);---;---;---;---;---;---;(-0.1, 0.9, 0.0);(0.0, 0.0, 0.0, 1.0);
3;12/16/2021 6:21:46 PM 765;(0.3, 0.8, -0.2);(-0.7, 0.2, -0.1, 0.6);(0.3, 0.8, -0.2);(-0.7, 0.2, -0.1, 0.6);---;---;---;---;---;---;(-0.1, 0.9, 0.0);(0.0, 0.0, 0.0, 1.0);
4;12/16/2021 6:21:46 PM 781;(0.3, 0.8, -0.2);(-0.7, 0.2, -0.1, 0.6);(0.3, 0.8, -0.2);(-0.7, 0.2, -0.1, 0.6);---;---;---;---;---;---;(-0.1, 0.9, 0.0);(0.0, 0.0, 0.0, 1.0);
5;12/16/2021 6:21:46 PM 797;(0.3, 0.8, -0.2);(-0.7, 0.2, -0.1, 0.6);(0.3, 0.8, -0.2);(-0.7, 0.2, -0.1, 0.6);---;---;---;---;---;---;(-0.1, 0.9, 0.0);(0.0, 0.0, 0.0, 1.0);
6;12/16/2021 6:21:46 PM 812;(0.3, 0.8, -0.2);(-0.7, 0.2, -0.1, 0.6);(0.3, 0.8, -0.2);(-0.7, 0.2, -0.1, 0.6);---;---;---;---;---;---;(-0.1, 0.9, 0.0);(0.0, 0.0, 0.0, 1.0);
7;12/16/2021 6:21:46 PM 831;(0.3, 0.8, -0.2);(-0.7, 0.2, -0.1, 0.6);(0.3, 0.8, -0.2);(-0.7, 0.2, -0.1, 0.6);---;---;---;---;---;---;(-0.1, 0.9, 0.0);(0.0, 0.0, 0.0, 1.0);
8;12/16/2021 6:21:46 PM 846;(0.3, 0.8, -0.2);(-0.7, 0.2, -0.1, 0.6);(0.3, 0.8, -0.2);(-0.7, 0.2, -0.1, 0.6);---;---;---;---;---;---;(-0.1, 0.9, 0.0);(0.0, 0.0, 0.0, 1.0);
9;12/16/2021 6:21:46 PM 863;(0.3, 0.8, -0.2);(-0.7, 0.2, -0.1, 0.6);(0.3, 0.8, -0.2);(-0.7, 0.2, -0.1, 0.6);---;---;---;---;---;---;(-0.1, 0.9, 0.0);(0.0, 0.0, 0.0, 1.0);
10;12/16/2021 6:21:46 PM 879;(0.3, 0.8, -0.2);(-0.7, 0.2, -0.1, 0.6);(0.3, 0.8, -0.2);(-0.7, 0.2, -0.1, 0.6);---;---;---;---;---;---;(-0.1, 0.9, 0.0);(0.0, 0.0, 0.0, 1.0);
11;12/16/2021 6:21:46 PM 897;(0.3, 0.8, -0.2);(-0.7, 0.2, -0.1, 0.6);(0.3, 0.8, -0.2);(-0.7, 0.2, -0.1, 0.6);---;---;---;---;---;---;(-0.1, 0.9, 0.0);(0.0, 0.0, 0.0, 1.0);
12;12/16/2021 6:21:46 PM 912;(0.3, 0.8, -0.2);(-0.7, 0.2, -0.1, 0.6);(0.3, 0.8, -0.2);(-0.7, 0.2, -0.1, 0.6);---;---;---;---;---;---;(-0.1, 0.9, 0.0);(0.0, 0.0, 0.0, 1.0);
13;12/16/2021 6:21:46 PM 929;(0.3, 0.8, -0.2);(-0.7, 0.2, -0.1, 0.6);(0.3, 0.8, -0.2);(-0.7, 0.2, -0.1, 0.6);---;---;---;---;---;---;(-0.1, 0.9, 0.0);(0.0, 0.0, 0.0, 1.0);
14;12/16/2021 6:21:46 PM 945;(0.3, 0.8, -0.2);(-0.7, 0.2, -0.1, 0.6);(0.3, 0.8, -0.2);(-0.7, 0.2, -0.1, 0.6);---;---;---;---;---;---;(-0.1, 0.9, 0.0);(0.0, 0.0, 0.0, 1.0);
15;12/16/2021 6:21:46 PM 963;(0.3, 0.8, -0.2);(-0.7, 0.2, -0.1, 0.6);(0.3, 0.8, -0.2);(-0.8, 0.2, -0.1, 0.6);---;---;---;---;---;---;(-0.1, 0.9, 0.0);(0.0, 0.0, 0.0, 1.0);
16;12/16/2021 6:21:46 PM 979;(0.3, 0.8, -0.2);(-0.8, 0.2, -0.1, 0.6);(0.3, 0.8, -0.2);(-0.8, 0.2, -0.1, 0.6);---;---;---;---;---;---;(-0.1, 0.9, 0.0);(0.0, 0.0, 0.0, 1.0);
17;12/16/2021 6:21:46 PM 996;(0.3, 0.8, -0.2);(-0.8, 0.2, -0.1, 0.6);(0.3, 0.8, -0.2);(-0.8, 0.2, -0.1, 0.6);---;---;---;---;---;---;(-0.1, 0.9, 0.0);(0.0, 0.0, 0.0, 1.0);
18;12/16/2021 6:21:47 PM 12;(0.3, 0.8, -0.2);(-0.8, 0.2, -0.1, 0.6);(0.3, 0.8, -0.2);(-0.8, 0.2, -0.1, 0.6);---;---;---;---;---;---;(-0.1, 0.9, 0.0);(0.0, 0.0, 0.0, 1.0);
19;12/16/2021 6:21:47 PM 28;(0.3, 0.8, -0.2);(-0.8, 0.2, -0.1, 0.6);(0.3, 0.8, -0.2);(-0.8, 0.2, -0.1, 0.6);---;---;---;---;---;---;(-0.1, 0.9, 0.0);(0.0, 0.0, 0.0, 1.0);
20;12/16/2021 6:21:47 PM 45;(0.3, 0.8, -0.2);(-0.8, 0.2, -0.1, 0.6);(0.3, 0.8, -0.2);(-0.8, 0.2, -0.1, 0.6);---;---;---;---;---;---;(-0.1, 0.9, 0.0);(0.0, 0.0, 0.0, 1.0);
21;12/16/2021 6:21:47 PM 62;(0.3, 0.8, -0.2);(-0.8, 0.2, -0.1, 0.6);(0.3, 0.8, -0.2);(-0.8, 0.2, -0.1, 0.6);---;---;---;---;---;---;(-0.1, 0.9, 0.0);(0.0, 0.0, 0.0, 1.0);
22;12/16/2021 6:21:47 PM 79;(0.3, 0.8, -0.2);(-0.8, 0.2, -0.1, 0.6);(0.3, 0.8, -0.2);(-0.8, 0.2, -0.1, 0.6);---;---;---;---;---;---;(-0.1, 0.9, 0.0);(0.0, 0.0, 0.0, 1.0);
23;12/16/2021 6:21:47 PM 96;(0.3, 0.8, -0.2);(-0.8, 0.2, -0.1, 0.6);(0.3, 0.8, -0.2);(-0.8, 0.2, -0.1, 0.6);---;---;---;---;---;---;(-0.1, 0.9, 0.0);(0.0, 0.0, 0.0, 1.0);
24;12/16/2021 6:21:47 PM 112;(0.3, 0.8, -0.2);(-0.8, 0.2, -0.1, 0.6);(0.3, 0.8, -0.2);(-0.8, 0.2, -0.1, 0.6);---;---;---;---;---;---;(-0.1, 0.9, 0.0);(0.0, 0.0, 0.0, 1.0);
25;12/16/2021 6:21:47 PM 129;(0.3, 0.8, -0.2);(-0.8, 0.2, -0.1, 0.6);(0.3, 0.8, -0.2);(-0.8, 0.2, -0.1, 0.6);---;---;---;---;---;---;(-0.1, 0.9, 0.0);(0.0, 0.0, 0.0, 1.0);
26;12/16/2021 6:21:47 PM 146;(0.3, 0.8, -0.2);(-0.8, 0.2, -0.1, 0.6);(0.3, 0.8, -0.2);(-0.8, 0.2, -0.1, 0.6);---;---;---;---;---;---;(-0.1, 0.9, 0.0);(0.0, 0.0, 0.0, 1.0);
27;12/16/2021 6:21:47 PM 163;(0.3, 0.8, -0.2);(-0.8, 0.2, -0.1, 0.6);(0.3, 0.8, -0.2);(-0.8, 0.2, -0.1, 0.6);---;---;---;---;---;---;(-0.1, 0.9, 0.0);(0.0, 0.0, 0.0, 1.0);
28;12/16/2021 6:21:47 PM 181;(0.3, 0.8, -0.2);(-0.8, 0.2, -0.1, 0.6);(0.3, 0.8, -0.2);(-0.8, 0.2, -0.1, 0.6);---;---;---;---;---;---;(-0.1, 0.9, 0.0);(0.0, 0.0, 0.0, 1.0);
29;12/16/2021 6:21:47 PM 196;(0.3, 0.8, -0.2);(-0.8, 0.2, -0.1, 0.6);(0.3, 0.8, -0.2);(-0.8, 0.2, -0.1, 0.6);---;---;---;---;---;---;(-0.1, 0.9, 0.0);(0.0, 0.0, 0.0, 1.0);
30;12/16/2021 6:21:47 PM 213;(0.3, 0.8, -0.2);(-0.8, 0.2, -0.1, 0.6);(0.3, 0.8, -0.2);(-0.8, 0.2, -0.1, 0.6);---;---;---;---;---;---;(-0.1, 0.9, 0.0);(0.0, 0.0, 0.0, 1.0);
31;12/16/2021 6:21:47 PM 230;(0.3, 0.8, -0.2);(-0.8, 0.2, -0.1, 0.6);(0.3, 0.8, -0.2);(-0.8, 0.2, -0.1, 0.6);---;---;---;---;---;---;(-0.1, 0.9, 0.0);(0.0, 0.0, 0.0, 1.0);
32;12/16/2021 6:21:47 PM 246;(0.3, 0.8, -0.2);(-0.8, 0.2, -0.1, 0.6);(0.3, 0.8, -0.2);(-0.8, 0.2, -0.1, 0.6);---;---;---;---;---;---;(-0.1, 0.9, 0.0);(0.0, 0.0, 0.0, 1.0);
33;12/16/2021 6:21:47 PM 263;(0.3, 0.8, -0.2);(-0.8, 0.2, -0.1, 0.6);(0.3, 0.8, -0.2);(-0.8, 0.2, -0.1, 0.6);---;---;---;---;---;---;(-0.1, 0.9, 0.0);(0.0, 0.0, 0.0, 1.0);
34;12/16/2021 6:21:47 PM 279;(0.3, 0.8, -0.2);(-0.8, 0.2, -0.1, 0.6);(0.3, 0.8, -0.2);(-0.8, 0.2, -0.1, 0.6);---;---;---;---;---;---;(-0.1, 0.9, 0.0);(0.0, 0.0, 0.0, 1.0);
35;12/16/2021 6:21:47 PM 296;(0.3, 0.8, -0.2);(-0.8, 0.2, -0.1, 0.6);(0.3, 0.8, -0.1);(-0.8, 0.2, -0.1, 0.6);---;---;---;---;---;---;(-0.1, 0.9, 0.0);(0.0, 0.0, 0.0, 1.0);
36;12/16/2021 6:21:47 PM 314;(0.3, 0.8, -0.1);(-0.8, 0.2, -0.1, 0.6);(0.3, 0.8, -0.1);(-0.8, 0.2, -0.1, 0.6);---;---;---;---;---;---;(-0.1, 0.9, 0.0);(0.0, 0.0, 0.0, 1.0);
37;12/16/2021 6:21:47 PM 329;(0.3, 0.8, -0.1);(-0.8, 0.2, -0.1, 0.6);(0.3, 0.8, -0.1);(-0.7, 0.2, -0.1, 0.6);---;---;---;---;---;---;(-0.1, 0.9, 0.0);(0.0, 0.0, 0.0, 1.0);
38;12/16/2021 6:21:47 PM 346;(0.3, 0.8, -0.1);(-0.7, 0.2, -0.1, 0.6);(0.3, 0.8, -0.1);(-0.7, 0.2, -0.1, 0.6);---;---;---;---;---;---;(-0.1, 0.9, 0.0);(0.0, 0.0, 0.0, 1.0);
39;12/16/2021 6:21:47 PM 363;(0.3, 0.8, -0.1);(-0.7, 0.2, -0.1, 0.6);(0.3, 0.8, -0.1);(-0.7, 0.2, -0.1, 0.6);---;---;---;---;---;---;(-0.1, 0.9, 0.0);(0.0, 0.0, 0.0, 1.0);
40;12/16/2021 6:21:47 PM 379;(0.3, 0.8, -0.1);(-0.7, 0.2, -0.1, 0.6);(0.3, 0.8, -0.1);(-0.7, 0.2, 0.0, 0.6);---;---;---;---;---;---;(-0.1, 0.9, 0.0);(0.0, 0.0, 0.0, 1.0);
41;12/16/2021 6:21:47 PM 396;(0.3, 0.8, -0.1);(-0.7, 0.2, 0.0, 0.6);(0.3, 0.8, -0.1);(-0.8, 0.2, 0.0, 0.6);---;---;---;---;---;---;(-0.1, 0.9, 0.0);(0.0, 0.0, 0.0, 1.0);
42;12/16/2021 6:21:47 PM 412;(0.3, 0.8, -0.1);(-0.8, 0.2, 0.0, 0.6);(0.3, 0.8, -0.1);(-0.8, 0.2, 0.0, 0.6);---;---;---;---;---;---;(-0.1, 0.9, 0.0);(0.0, 0.0, 0.0, 1.0);
43;12/16/2021 6:21:47 PM 429;(0.3, 0.8, -0.1);(-0.8, 0.2, 0.0, 0.6);(0.3, 0.8, -0.2);(-0.8, 0.2, 0.0, 0.6);---;---;---;---;---;---;(-0.1, 0.9, 0.0);(0.0, 0.0, 0.0, 1.0);
44;12/16/2021 6:21:47 PM 445;(0.3, 0.8, -0.2);(-0.8, 0.2, 0.0, 0.6);(0.3, 0.8, -0.2);(-0.8, 0.2, 0.0, 0.6);---;---;---;---;---;---;(-0.1, 0.9, 0.0);(0.0, 0.0, 0.0, 1.0);
45;12/16/2021 6:21:47 PM 463;(0.3, 0.8, -0.2);(-0.8, 0.2, 0.0, 0.6);(0.2, 0.8, -0.2);(-0.8, 0.2, -0.1, 0.5);---;---;---;---;---;---;(-0.1, 0.9, 0.0);(0.0, 0.0, 0.0, 1.0);
46;12/16/2021 6:21:47 PM 478;(0.2, 0.8, -0.2);(-0.8, 0.2, -0.1, 0.5);(0.2, 0.8, -0.2);(-0.8, 0.2, -0.1, 0.5);---;---;---;---;---;---;(-0.1, 0.9, 0.0);(0.0, 0.0, 0.0, 1.0);
47;12/16/2021 6:21:47 PM 496;(0.2, 0.8, -0.2);(-0.8, 0.2, -0.1, 0.5);(0.2, 0.8, -0.2);(-0.8, 0.1, -0.1, 0.5);---;---;---;---;---;---;(-0.1, 0.9, 0.0);(0.0, 0.0, 0.0, 1.0);
48;12/16/2021 6:21:47 PM 512;(0.2, 0.8, -0.2);(-0.8, 0.1, -0.1, 0.5);(0.2, 0.8, -0.2);(-0.8, 0.1, -0.1, 0.5);---;---;---;---;---;---;(-0.1, 0.9, 0.0);(0.0, 0.0, 0.0, 1.0);
49;12/16/2021 6:21:47 PM 529;(0.2, 0.8, -0.2);(-0.8, 0.1, -0.1, 0.5);(0.2, 0.8, -0.2);(-0.8, 0.1, -0.1, 0.6);---;---;---;---;---;---;(-0.1, 0.9, 0.0);(0.0, 0.0, 0.0, 1.0);
50;12/16/2021 6:21:47 PM 545;(0.2, 0.8, -0.2);(-0.8, 0.1, -0.1, 0.6);(0.2, 0.8, -0.2);(-0.8, 0.1, -0.2, 0.6);---;---;---;---;---;---;(-0.1, 0.9, 0.0);(0.0, 0.0, 0.0, 1.0);
51;12/16/2021 6:21:47 PM 562;(0.2, 0.8, -0.2);(-0.8, 0.1, -0.2, 0.6);(0.2, 0.8, -0.2);(-0.8, 0.1, -0.2, 0.6);---;---;---;---;---;---;(-0.1, 0.9, 0.0);(0.0, 0.0, 0.0, 1.0);
52;12/16/2021 6:21:47 PM 579;(0.2, 0.8, -0.2);(-0.8, 0.1, -0.2, 0.6);(0.2, 0.8, -0.2);(-0.8, 0.1, -0.2, 0.6);---;---;---;---;---;---;(-0.1, 0.9, 0.0);(0.0, 0.0, 0.0, 1.0);
53;12/16/2021 6:21:47 PM 595;(0.2, 0.8, -0.2);(-0.8, 0.1, -0.2, 0.6);(0.1, 0.8, -0.2);(-0.8, 0.1, -0.2, 0.6);---;---;---;---;---;---;(-0.1, 0.9, 0.0);(0.0, 0.0, 0.0, 1.0);
54;12/16/2021 6:21:47 PM 612;(0.1, 0.8, -0.2);(-0.8, 0.1, -0.2, 0.6);(0.1, 0.8, -0.2);(-0.7, 0.1, -0.3, 0.6);---;---;---;---;---;---;(-0.1, 0.9, 0.0);(0.0, 0.0, 0.0, 1.0);
55;12/16/2021 6:21:47 PM 629;(0.1, 0.8, -0.2);(-0.7, 0.1, -0.3, 0.6);(0.1, 0.8, -0.2);(-0.7, 0.1, -0.3, 0.6);---;---;---;---;---;---;(-0.1, 0.9, 0.0);(0.0, 0.0, 0.0, 1.0);
56;12/16/2021 6:21:47 PM 646;(0.1, 0.8, -0.2);(-0.7, 0.1, -0.3, 0.6);(0.1, 0.8, -0.2);(-0.7, 0.1, -0.3, 0.6);---;---;---;---;---;---;(-0.1, 0.9, 0.0);(0.0, 0.0, 0.0, 1.0);
57;12/16/2021 6:21:47 PM 662;(0.1, 0.8, -0.2);(-0.7, 0.1, -0.3, 0.6);(0.1, 0.8, -0.2);(-0.7, 0.0, -0.3, 0.6);---;---;---;---;---;---;(-0.1, 0.9, 0.0);(0.0, 0.0, 0.0, 1.0);
58;12/16/2021 6:21:47 PM 679;(0.1, 0.8, -0.2);(-0.7, 0.0, -0.3, 0.6);(0.1, 0.8, -0.2);(-0.7, 0.0, -0.3, 0.7);---;---;---;---;---;---;(-0.1, 0.9, 0.0);(0.0, 0.0, 0.0, 1.0);
59;12/16/2021 6:21:47 PM 697;(0.1, 0.8, -0.2);(-0.7, 0.0, -0.3, 0.7);(0.1, 0.8, -0.2);(-0.7, 0.0, -0.3, 0.7);---;---;---;---;---;---;(-0.1, 0.9, 0.0);(0.0, 0.0, 0.0, 1.0);
60;12/16/2021 6:21:47 PM 713;(0.1, 0.8, -0.2);(-0.7, 0.0, -0.3, 0.7);(0.1, 0.8, -0.2);(-0.7, 0.0, -0.3, 0.7);---;---;---;---;---;---;(-0.1, 0.9, 0.0);(0.0, 0.0, 0.0, 1.0);
61;12/16/2021 6:21:47 PM 728;(0.1, 0.8, -0.2);(-0.7, 0.0, -0.3, 0.7);(0.1, 0.8, -0.2);(-0.6, 0.0, -0.3, 0.7);---;---;---;---;---;---;(-0.1, 0.9, 0.0);(0.0, 0.0, 0.0, 1.0);
62;12/16/2021 6:21:47 PM 746;(0.1, 0.8, -0.2);(-0.6, 0.0, -0.3, 0.7);(0.0, 0.8, -0.2);(-0.6, 0.0, -0.3, 0.7);---;---;---;---;---;---;(-0.1, 0.9, 0.0);(0.0, 0.0, 0.0, 1.0);
63;12/16/2021 6:21:47 PM 762;(0.0, 0.8, -0.2);(-0.6, 0.0, -0.3, 0.7);(0.0, 0.8, -0.2);(-0.6, 0.0, -0.3, 0.7);---;---;---;---;---;---;(-0.1, 0.9, 0.0);(0.0, 0.0, 0.0, 1.0);
64;12/16/2021 6:21:47 PM 779;(0.0, 0.8, -0.2);(-0.6, 0.0, -0.3, 0.7);(0.0, 0.8, -0.2);(-0.6, 0.0, -0.3, 0.7);---;---;---;---;---;---;(-0.1, 0.9, 0.0);(0.0, 0.0, 0.0, 1.0);
65;12/16/2021 6:21:47 PM 796;(0.0, 0.8, -0.2);(-0.6, 0.0, -0.3, 0.7);(0.0, 0.8, -0.2);(-0.6, 0.0, -0.3, 0.7);---;---;---;---;---;---;(-0.1, 0.9, 0.0);(0.0, 0.0, 0.0, 1.0);
66;12/16/2021 6:21:47 PM 813;(0.0, 0.8, -0.2);(-0.6, 0.0, -0.3, 0.7);(0.0, 0.8, -0.2);(-0.6, 0.0, -0.3, 0.8);---;---;---;---;---;---;(-0.1, 0.9, 0.0);(0.0, 0.0, 0.0, 1.0);
67;12/16/2021 6:21:47 PM 830;(0.0, 0.8, -0.2);(-0.6, 0.0, -0.3, 0.8);(0.0, 0.8, -0.2);(-0.6, 0.0, -0.3, 0.8);---;---;---;---;---;---;(-0.1, 0.9, 0.0);(0.0, 0.0, 0.0, 1.0);
68;12/16/2021 6:21:47 PM 844;(0.0, 0.8, -0.2);(-0.6, 0.0, -0.3, 0.8);(0.0, 0.8, -0.2);(-0.6, 0.0, -0.3, 0.8);---;---;---;---;---;---;(-0.1, 0.9, 0.0);(0.0, 0.0, 0.0, 1.0);
69;12/16/2021 6:21:47 PM 864;(0.0, 0.8, -0.2);(-0.6, 0.0, -0.3, 0.8);(0.0, 0.8, -0.2);(-0.6, 0.0, -0.3, 0.8);---;---;---;---;---;---;(-0.1, 0.9, 0.0);(0.0, 0.0, 0.0, 1.0);
70;12/16/2021 6:21:47 PM 880;(0.0, 0.8, -0.2);(-0.6, 0.0, -0.3, 0.8);(0.0, 0.8, -0.2);(-0.6, 0.0, -0.3, 0.8);---;---;---;---;---;---;(-0.1, 0.9, 0.0);(0.0, 0.0, 0.0, 1.0);
71;12/16/2021 6:21:47 PM 896;(0.0, 0.8, -0.2);(-0.6, 0.0, -0.3, 0.8);(0.0, 0.7, -0.2);(-0.6, 0.0, -0.3, 0.8);---;---;---;---;---;---;(-0.1, 0.9, 0.0);(0.0, 0.0, 0.0, 1.0);
72;12/16/2021 6:21:47 PM 913;(0.0, 0.7, -0.2);(-0.6, 0.0, -0.3, 0.8);(0.0, 0.7, -0.2);(-0.6, 0.0, -0.3, 0.8);---;---;---;---;---;---;(-0.1, 0.9, 0.0);(0.0, 0.0, 0.0, 1.0);
73;12/16/2021 6:21:47 PM 929;(0.0, 0.7, -0.2);(-0.6, 0.0, -0.3, 0.8);(0.0, 0.7, -0.2);(-0.6, 0.0, -0.3, 0.8);---;---;---;---;---;---;(-0.1, 0.9, 0.0);(0.0, 0.0, 0.0, 1.0);
74;12/16/2021 6:21:47 PM 946;(0.0, 0.7, -0.2);(-0.6, 0.0, -0.3, 0.8);(0.0, 0.7, -0.2);(-0.5, 0.0, -0.3, 0.8);---;---;---;---;---;---;(-0.1, 0.9, 0.0);(0.0, 0.0, 0.0, 1.0);
75;12/16/2021 6:21:47 PM 964;(0.0, 0.7, -0.2);(-0.5, 0.0, -0.3, 0.8);(0.0, 0.7, -0.2);(-0.5, 0.0, -0.3, 0.8);---;---;---;---;---;---;(-0.1, 0.9, 0.0);(0.0, 0.0, 0.0, 1.0);
76;12/16/2021 6:21:47 PM 979;(0.0, 0.7, -0.2);(-0.5, 0.0, -0.3, 0.8);(0.0, 0.7, -0.2);(-0.5, 0.0, -0.2, 0.8);---;---;---;---;---;---;(-0.1, 0.9, 0.0);(0.0, 0.0, 0.0, 1.0);
77;12/16/2021 6:21:47 PM 995;(0.0, 0.7, -0.2);(-0.5, 0.0, -0.2, 0.8);(0.0, 0.7, -0.2);(-0.6, 0.0, -0.3, 0.8);---;---;---;---;---;---;(-0.1, 0.9, 0.0);(0.0, 0.0, 0.0, 1.0);
78;12/16/2021 6:21:48 PM 12;(0.0, 0.7, -0.2);(-0.6, 0.0, -0.3, 0.8);(0.0, 0.7, -0.2);(-0.6, 0.0, -0.3, 0.8);---;---;---;---;---;---;(-0.1, 0.9, 0.0);(0.0, 0.0, 0.0, 1.0);
79;12/16/2021 6:21:48 PM 28;(0.0, 0.7, -0.2);(-0.6, 0.0, -0.3, 0.8);(0.0, 0.7, -0.2);(-0.6, 0.0, -0.3, 0.8);---;---;---;---;---;---;(-0.1, 0.9, 0.0);(0.0, 0.0, 0.0, 1.0);
80;12/16/2021 6:21:48 PM 45;(0.0, 0.7, -0.2);(-0.6, 0.0, -0.3, 0.8);(0.0, 0.7, -0.2);(-0.6, 0.0, -0.3, 0.8);---;---;---;---;---;---;(-0.1, 0.9, 0.0);(0.0, 0.0, 0.0, 1.0);
81;12/16/2021 6:21:48 PM 62;(0.0, 0.7, -0.2);(-0.6, 0.0, -0.3, 0.8);(0.0, 0.7, -0.2);(-0.6, 0.0, -0.3, 0.8);---;---;---;---;---;---;(-0.1, 0.9, 0.0);(0.0, 0.0, 0.0, 1.0);
82;12/16/2021 6:21:48 PM 79;(0.0, 0.7, -0.2);(-0.6, 0.0, -0.3, 0.8);(0.0, 0.7, -0.2);(-0.6, 0.0, -0.3, 0.8);---;---;---;---;---;---;(-0.1, 0.9, 0.0);(0.0, 0.0, 0.0, 1.0);
83;12/16/2021 6:21:48 PM 96;(0.0, 0.7, -0.2);(-0.6, 0.0, -0.3, 0.8);(0.0, 0.7, -0.2);(-0.6, 0.0, -0.3, 0.8);---;---;---;---;---;---;(-0.1, 0.9, 0.0);(0.0, 0.0, 0.0, 1.0);
84;12/16/2021 6:21:48 PM 113;(0.0, 0.7, -0.2);(-0.6, 0.0, -0.3, 0.8);(0.0, 0.7, -0.2);(-0.6, 0.0, -0.3, 0.8);---;---;---;---;---;---;(-0.1, 0.9, 0.0);(0.0, 0.0, 0.0, 1.0);
85;12/16/2021 6:21:48 PM 128;(0.0, 0.7, -0.2);(-0.6, 0.0, -0.3, 0.8);(0.0, 0.7, -0.2);(-0.6, 0.0, -0.3, 0.8);---;---;---;---;---;---;(-0.1, 0.9, 0.0);(0.0, 0.0, 0.0, 1.0);
86;12/16/2021 6:21:48 PM 145;(0.0, 0.7, -0.2);(-0.6, 0.0, -0.3, 0.8);(0.0, 0.7, -0.2);(-0.6, 0.0, -0.3, 0.8);---;---;---;---;---;---;(-0.1, 0.9, 0.0);(0.0, 0.0, 0.0, 1.0);
87;12/16/2021 6:21:48 PM 162;(0.0, 0.7, -0.2);(-0.6, 0.0, -0.3, 0.8);(0.0, 0.7, -0.2);(-0.6, 0.0, -0.3, 0.8);---;---;---;---;---;---;(-0.1, 0.9, 0.0);(0.0, 0.0, 0.0, 1.0);
88;12/16/2021 6:21:48 PM 179;(0.0, 0.7, -0.2);(-0.6, 0.0, -0.3, 0.8);(0.0, 0.7, -0.2);(-0.6, 0.0, -0.3, 0.8);---;---;---;---;---;---;(-0.1, 0.9, 0.0);(0.0, 0.0, 0.0, 1.0);
89;12/16/2021 6:21:48 PM 196;(0.0, 0.7, -0.2);(-0.6, 0.0, -0.3, 0.8);(0.0, 0.7, -0.2);(-0.6, 0.0, -0.3, 0.8);---;---;---;---;---;---;(-0.1, 0.9, 0.0);(0.0, 0.0, 0.0, 1.0);
90;12/16/2021 6:21:48 PM 215;(0.0, 0.7, -0.2);(-0.6, 0.0, -0.3, 0.8);(0.0, 0.7, -0.2);(-0.6, 0.0, -0.3, 0.8);TouchPointRight (HR_Toolkit.RedirectionObject);BodyWarping_Zenner_Extended;(0.1, 1.0, 0.1);(0.1, 0.0, 0.0, 1.0);(0.3, 1.0, 0.1);(0.1, 0.2, 0.0, 1.0);(-0.1, 0.9, 0.0);(0.0, 0.0, 0.0, 1.0);
91;12/16/2021 6:21:48 PM 229;(0.0, 0.7, -0.2);(-0.6, 0.0, -0.3, 0.8);(0.0, 0.7, -0.2);(-0.6, 0.2, -0.3, 0.7);TouchPointRight (HR_Toolkit.RedirectionObject);BodyWarping_Zenner_Extended;(0.1, 1.0, 0.1);(0.1, 0.0, 0.0, 1.0);(0.3, 1.0, 0.1);(0.1, 0.2, 0.0, 1.0);(-0.1, 0.9, 0.0);(0.0, 0.0, 0.0, 1.0);
92;12/16/2021 6:21:48 PM 246;(0.0, 0.7, -0.2);(-0.6, 0.0, -0.3, 0.8);(0.0, 0.7, -0.2);(-0.6, 0.2, -0.3, 0.7);TouchPointRight (HR_Toolkit.RedirectionObject);BodyWarping_Zenner_Extended;(0.1, 1.0, 0.1);(0.1, 0.0, 0.0, 1.0);(0.3, 1.0, 0.1);(0.1, 0.2, 0.0, 1.0);(-0.1, 0.9, 0.0);(0.0, 0.0, 0.0, 1.0);
93;12/16/2021 6:21:48 PM 263;(0.0, 0.7, -0.2);(-0.6, 0.0, -0.3, 0.8);(0.0, 0.7, -0.2);(-0.6, 0.2, -0.3, 0.7);TouchPointRight (HR_Toolkit.RedirectionObject);BodyWarping_Zenner_Extended;(0.1, 1.0, 0.1);(0.1, 0.0, 0.0, 1.0);(0.3, 1.0, 0.1);(0.1, 0.2, 0.0, 1.0);(-0.1, 0.9, 0.0);(0.0, 0.0, 0.0, 1.0);
94;12/16/2021 6:21:48 PM 279;(0.0, 0.7, -0.2);(-0.6, 0.0, -0.3, 0.8);(0.0, 0.7, -0.2);(-0.6, 0.2, -0.3, 0.7);TouchPointRight (HR_Toolkit.RedirectionObject);BodyWarping_Zenner_Extended;(0.1, 1.0, 0.1);(0.1, 0.0, 0.0, 1.0);(0.3, 1.0, 0.1);(0.1, 0.2, 0.0, 1.0);(-0.1, 0.9, 0.0);(0.0, 0.0, 0.0, 1.0);
95;12/16/2021 6:21:48 PM 297;(0.0, 0.7, -0.2);(-0.6, 0.0, -0.3, 0.8);(0.0, 0.7, -0.2);(-0.6, 0.2, -0.3, 0.7);TouchPointRight (HR_Toolkit.RedirectionObject);BodyWarping_Zenner_Extended;(0.1, 1.0, 0.1);(0.1, 0.0, 0.0, 1.0);(0.3, 1.0, 0.1);(0.1, 0.2, 0.0, 1.0);(-0.1, 0.9, 0.0);(0.0, 0.0, 0.0, 1.0);
96;12/16/2021 6:21:48 PM 313;(0.0, 0.7, -0.2);(-0.6, 0.0, -0.3, 0.8);(0.0, 0.7, -0.2);(-0.6, 0.2, -0.3, 0.7);TouchPointRight (HR_Toolkit.RedirectionObject);BodyWarping_Zenner_Extended;(0.1, 1.0, 0.1);(0.1, 0.0, 0.0, 1.0);(0.3, 1.0, 0.1);(0.1, 0.2, 0.0, 1.0);(-0.1, 0.9, 0.0);(0.0, 0.0, 0.0, 1.0);
97;12/16/2021 6:21:48 PM 328;(0.0, 0.7, -0.2);(-0.6, 0.0, -0.3, 0.8);(0.0, 0.7, -0.2);(-0.6, 0.2, -0.3, 0.7);TouchPointRight (HR_Toolkit.RedirectionObject);BodyWarping_Zenner_Extended;(0.1, 1.0, 0.1);(0.1, 0.0, 0.0, 1.0);(0.3, 1.0, 0.1);(0.1, 0.2, 0.0, 1.0);(-0.1, 0.9, 0.0);(0.0, 0.0, 0.0, 1.0);
98;12/16/2021 6:21:48 PM 345;(0.0, 0.7, -0.2);(-0.6, 0.0, -0.3, 0.8);(0.0, 0.7, -0.2);(-0.6, 0.2, -0.3, 0.7);TouchPointRight (HR_Toolkit.RedirectionObject);BodyWarping_Zenner_Extended;(0.1, 1.0, 0.1);(0.1, 0.0, 0.0, 1.0);(0.3, 1.0, 0.1);(0.1, 0.2, 0.0, 1.0);(-0.1, 0.9, 0.0);(0.0, 0.0, 0.0, 1.0);
99;12/16/2021 6:21:48 PM 362;(0.0, 0.7, -0.2);(-0.6, 0.0, -0.3, 0.8);(0.0, 0.7, -0.2);(-0.6, 0.2, -0.3, 0.7);TouchPointRight (HR_Toolkit.RedirectionObject);BodyWarping_Zenner_Extended;(0.1, 1.0, 0.1);(0.1, 0.0, 0.0, 1.0);(0.3, 1.0, 0.1);(0.1, 0.2, 0.0, 1.0);(-0.1, 0.9, 0.0);(0.0, 0.0, 0.0, 1.0);
100;12/16/2021 6:21:48 PM 378;(0.0, 0.7, -0.2);(-0.6, 0.0, -0.3, 0.8);(0.0, 0.7, -0.2);(-0.6, 0.2, -0.3, 0.7);TouchPointRight (HR_Toolkit.RedirectionObject);BodyWarping_Zenner_Extended;(0.1, 1.0, 0.1);(0.1, 0.0, 0.0, 1.0);(0.3, 1.0, 0.1);(0.1, 0.2, 0.0, 1.0);(-0.1, 0.9, 0.0);(0.0, 0.0, 0.0, 1.0);
101;12/16/2021 6:21:48 PM 396;(0.0, 0.7, -0.2);(-0.6, 0.0, -0.3, 0.8);(0.0, 0.7, -0.2);(-0.6, 0.2, -0.3, 0.7);TouchPointRight (HR_Toolkit.RedirectionObject);BodyWarping_Zenner_Extended;(0.1, 1.0, 0.1);(0.1, 0.0, 0.0, 1.0);(0.3, 1.0, 0.1);(0.1, 0.2, 0.0, 1.0);(-0.1, 0.9, 0.0);(0.0, 0.0, 0.0, 1.0);
102;12/16/2021 6:21:48 PM 412;(0.0, 0.7, -0.2);(-0.6, 0.0, -0.3, 0.8);(0.0, 0.7, -0.2);(-0.6, 0.2, -0.3, 0.7);TouchPointRight (HR_Toolkit.RedirectionObject);BodyWarping_Zenner_Extended;(0.1, 1.0, 0.1);(0.1, 0.0, 0.0, 1.0);(0.3, 1.0, 0.1);(0.1, 0.2, 0.0, 1.0);(-0.1, 0.9, 0.0);(0.0, 0.0, 0.0, 1.0);
103;12/16/2021 6:21:48 PM 429;(0.0, 0.7, -0.2);(-0.6, 0.0, -0.3, 0.8);(0.0, 0.7, -0.2);(-0.6, 0.2, -0.3, 0.7);TouchPointRight (HR_Toolkit.RedirectionObject);BodyWarping_Zenner_Extended;(0.1, 1.0, 0.1);(0.1, 0.0, 0.0, 1.0);(0.3, 1.0, 0.1);(0.1, 0.2, 0.0, 1.0);(-0.1, 0.9, 0.0);(0.0, 0.0, 0.0, 1.0);
104;12/16/2021 6:21:48 PM 445;(0.0, 0.7, -0.2);(-0.6, 0.0, -0.3, 0.8);(0.0, 0.7, -0.2);(-0.6, 0.2, -0.3, 0.7);TouchPointRight (HR_Toolkit.RedirectionObject);BodyWarping_Zenner_Extended;(0.1, 1.0, 0.1);(0.1, 0.0, 0.0, 1.0);(0.3, 1.0, 0.1);(0.1, 0.2, 0.0, 1.0);(-0.1, 0.9, 0.0);(0.0, 0.0, 0.0, 1.0);
105;12/16/2021 6:21:48 PM 462;(0.0, 0.7, -0.2);(-0.6, 0.0, -0.3, 0.8);(0.0, 0.7, -0.2);(-0.6, 0.2, -0.3, 0.7);TouchPointRight (HR_Toolkit.RedirectionObject);BodyWarping_Zenner_Extended;(0.1, 1.0, 0.1);(0.1, 0.0, 0.0, 1.0);(0.3, 1.0, 0.1);(0.1, 0.2, 0.0, 1.0);(-0.1, 0.9, 0.0);(0.0, 0.0, 0.0, 1.0);
106;12/16/2021 6:21:48 PM 479;(0.0, 0.7, -0.2);(-0.6, 0.0, -0.3, 0.8);(0.0, 0.7, -0.2);(-0.6, 0.2, -0.3, 0.7);TouchPointRight (HR_Toolkit.RedirectionObject);BodyWarping_Zenner_Extended;(0.1, 1.0, 0.1);(0.1, 0.0, 0.0, 1.0);(0.3, 1.0, 0.1);(0.1, 0.2, 0.0, 1.0);(-0.1, 0.9, 0.0);(0.0, 0.0, 0.0, 1.0);
107;12/16/2021 6:21:48 PM 495;(0.0, 0.7, -0.2);(-0.6, 0.0, -0.3, 0.8);(0.0, 0.7, -0.2);(-0.6, 0.2, -0.3, 0.7);TouchPointRight (HR_Toolkit.RedirectionObject);BodyWarping_Zenner_Extended;(0.1, 1.0, 0.1);(0.1, 0.0, 0.0, 1.0);(0.3, 1.0, 0.1);(0.1, 0.2, 0.0, 1.0);(-0.1, 0.9, 0.0);(0.0, 0.0, 0.0, 1.0);
108;12/16/2021 6:21:48 PM 512;(0.0, 0.7, -0.2);(-0.6, 0.0, -0.3, 0.8);(0.0, 0.7, -0.2);(-0.6, 0.2, -0.3, 0.7);TouchPointRight (HR_Toolkit.RedirectionObject);BodyWarping_Zenner_Extended;(0.1, 1.0, 0.1);(0.1, 0.0, 0.0, 1.0);(0.3, 1.0, 0.1);(0.1, 0.2, 0.0, 1.0);(-0.1, 0.9, 0.0);(0.0, 0.0, 0.0, 1.0);
109;12/16/2021 6:21:48 PM 528;(0.0, 0.7, -0.2);(-0.6, 0.0, -0.3, 0.8);(0.0, 0.7, -0.2);(-0.6, 0.2, -0.3, 0.7);TouchPointRight (HR_Toolkit.RedirectionObject);BodyWarping_Zenner_Extended;(0.1, 1.0, 0.1);(0.1, 0.0, 0.0, 1.0);(0.3, 1.0, 0.1);(0.1, 0.2, 0.0, 1.0);(-0.1, 0.9, 0.0);(0.0, 0.0, 0.0, 1.0);
110;12/16/2021 6:21:48 PM 545;(0.0, 0.7, -0.2);(-0.6, 0.0, -0.3, 0.8);(0.0, 0.7, -0.2);(-0.6, 0.2, -0.3, 0.7);TouchPointRight (HR_Toolkit.RedirectionObject);BodyWarping_Zenner_Extended;(0.1, 1.0, 0.1);(0.1, 0.0, 0.0, 1.0);(0.3, 1.0, 0.1);(0.1, 0.2, 0.0, 1.0);(-0.1, 0.9, 0.0);(0.0, 0.0, 0.0, 1.0);
111;12/16/2021 6:21:48 PM 564;(0.0, 0.7, -0.2);(-0.6, 0.0, -0.3, 0.8);(0.0, 0.7, -0.2);(-0.6, 0.2, -0.3, 0.7);TouchPointRight (HR_Toolkit.RedirectionObject);BodyWarping_Zenner_Extended;(0.1, 1.0, 0.1);(0.1, 0.0, 0.0, 1.0);(0.3, 1.0, 0.1);(0.1, 0.2, 0.0, 1.0);(-0.1, 0.9, 0.0);(0.0, 0.0, 0.0, 1.0);
112;12/16/2021 6:21:48 PM 578;(0.0, 0.7, -0.2);(-0.6, 0.0, -0.3, 0.8);(0.0, 0.7, -0.2);(-0.6, 0.2, -0.3, 0.7);TouchPointRight (HR_Toolkit.RedirectionObject);BodyWarping_Zenner_Extended;(0.1, 1.0, 0.1);(0.1, 0.0, 0.0, 1.0);(0.3, 1.0, 0.1);(0.1, 0.2, 0.0, 1.0);(-0.1, 0.9, 0.0);(0.0, 0.0, 0.0, 1.0);
113;12/16/2021 6:21:48 PM 597;(0.0, 0.7, -0.2);(-0.6, 0.0, -0.3, 0.8);(0.0, 0.7, -0.2);(-0.6, 0.2, -0.3, 0.7);TouchPointRight (HR_Toolkit.RedirectionObject);BodyWarping_Zenner_Extended;(0.1, 1.0, 0.1);(0.1, 0.0, 0.0, 1.0);(0.3, 1.0, 0.1);(0.1, 0.2, 0.0, 1.0);(-0.1, 0.9, 0.0);(0.0, 0.0, 0.0, 1.0);
114;12/16/2021 6:21:48 PM 612;(0.0, 0.7, -0.2);(-0.6, 0.0, -0.3, 0.8);(0.0, 0.7, -0.2);(-0.6, 0.2, -0.3, 0.7);TouchPointRight (HR_Toolkit.RedirectionObject);BodyWarping_Zenner_Extended;(0.1, 1.0, 0.1);(0.1, 0.0, 0.0, 1.0);(0.3, 1.0, 0.1);(0.1, 0.2, 0.0, 1.0);(-0.1, 0.9, 0.0);(0.0, 0.0, 0.0, 1.0);
115;12/16/2021 6:21:48 PM 630;(0.0, 0.7, -0.2);(-0.6, 0.0, -0.3, 0.8);(0.0, 0.7, -0.2);(-0.6, 0.2, -0.3, 0.7);TouchPointRight (HR_Toolkit.RedirectionObject);BodyWarping_Zenner_Extended;(0.1, 1.0, 0.1);(0.1, 0.0, 0.0, 1.0);(0.3, 1.0, 0.1);(0.1, 0.2, 0.0, 1.0);(-0.1, 0.9, 0.0);(0.0, 0.0, 0.0, 1.0);
116;12/16/2021 6:21:48 PM 645;(0.0, 0.7, -0.2);(-0.6, 0.0, -0.3, 0.8);(0.0, 0.7, -0.2);(-0.6, 0.2, -0.3, 0.7);TouchPointRight (HR_Toolkit.RedirectionObject);BodyWarping_Zenner_Extended;(0.1, 1.0, 0.1);(0.1, 0.0, 0.0, 1.0);(0.3, 1.0, 0.1);(0.1, 0.2, 0.0, 1.0);(-0.1, 0.9, 0.0);(0.0, 0.0, 0.0, 1.0);
117;12/16/2021 6:21:48 PM 664;(0.0, 0.7, -0.2);(-0.6, 0.0, -0.3, 0.8);(0.0, 0.7, -0.2);(-0.6, 0.2, -0.3, 0.7);TouchPointRight (HR_Toolkit.RedirectionObject);BodyWarping_Zenner_Extended;(0.1, 1.0, 0.1);(0.1, 0.0, 0.0, 1.0);(0.3, 1.0, 0.1);(0.1, 0.2, 0.0, 1.0);(-0.1, 0.9, 0.0);(0.0, 0.0, 0.0, 1.0);
118;12/16/2021 6:21:48 PM 677;(0.0, 0.7, -0.2);(-0.6, 0.0, -0.3, 0.8);(0.0, 0.7, -0.2);(-0.6, 0.2, -0.3, 0.7);TouchPointRight (HR_Toolkit.RedirectionObject);BodyWarping_Zenner_Extended;(0.1, 1.0, 0.1);(0.1, 0.0, 0.0, 1.0);(0.3, 1.0, 0.1);(0.1, 0.2, 0.0, 1.0);(-0.1, 0.9, 0.0);(0.0, 0.0, 0.0, 1.0);
119;12/16/2021 6:21:48 PM 696;(0.0, 0.7, -0.2);(-0.6, 0.0, -0.3, 0.8);(0.0, 0.7, -0.2);(-0.6, 0.2, -0.3, 0.7);TouchPointRight (HR_Toolkit.RedirectionObject);BodyWarping_Zenner_Extended;(0.1, 1.0, 0.1);(0.1, 0.0, 0.0, 1.0);(0.3, 1.0, 0.1);(0.1, 0.2, 0.0, 1.0);(-0.1, 0.9, 0.0);(0.0, 0.0, 0.0, 1.0);
120;12/16/2021 6:21:48 PM 711;(0.0, 0.7, -0.2);(-0.6, 0.0, -0.3, 0.8);(0.0, 0.7, -0.2);(-0.6, 0.2, -0.3, 0.7);TouchPointRight (HR_Toolkit.RedirectionObject);BodyWarping_Zenner_Extended;(0.1, 1.0, 0.1);(0.1, 0.0, 0.0, 1.0);(0.3, 1.0, 0.1);(0.1, 0.2, 0.0, 1.0);(-0.1, 0.9, 0.0);(0.0, 0.0, 0.0, 1.0);
121;12/16/2021 6:21:48 PM 729;(0.0, 0.7, -0.2);(-0.6, 0.0, -0.3, 0.8);(0.0, 0.7, -0.2);(-0.6, 0.2, -0.3, 0.7);TouchPointRight (HR_Toolkit.RedirectionObject);BodyWarping_Zenner_Extended;(0.1, 1.0, 0.1);(0.1, 0.0, 0.0, 1.0);(0.3, 1.0, 0.1);(0.1, 0.2, 0.0, 1.0);(-0.1, 0.9, 0.0);(0.0, 0.0, 0.0, 1.0);
122;12/16/2021 6:21:48 PM 746;(0.0, 0.7, -0.2);(-0.6, 0.0, -0.3, 0.8);(0.0, 0.7, -0.2);(-0.6, 0.2, -0.3, 0.7);TouchPointRight (HR_Toolkit.RedirectionObject);BodyWarping_Zenner_Extended;(0.1, 1.0, 0.1);(0.1, 0.0, 0.0, 1.0);(0.3, 1.0, 0.1);(0.1, 0.2, 0.0, 1.0);(-0.1, 0.9, 0.0);(0.0, 0.0, 0.0, 1.0);
123;12/16/2021 6:21:48 PM 762;(0.0, 0.7, -0.2);(-0.6, 0.0, -0.3, 0.8);(0.0, 0.7, -0.2);(-0.6, 0.2, -0.3, 0.7);TouchPointRight (HR_Toolkit.RedirectionObject);BodyWarping_Zenner_Extended;(0.1, 1.0, 0.1);(0.1, 0.0, 0.0, 1.0);(0.3, 1.0, 0.1);(0.1, 0.2, 0.0, 1.0);(-0.1, 0.9, 0.0);(0.0, 0.0, 0.0, 1.0);
124;12/16/2021 6:21:48 PM 777;(0.0, 0.7, -0.2);(-0.6, 0.0, -0.3, 0.8);(0.0, 0.7, -0.2);(-0.6, 0.2, -0.3, 0.7);TouchPointRight (HR_Toolkit.RedirectionObject);BodyWarping_Zenner_Extended;(0.1, 1.0, 0.1);(0.1, 0.0, 0.0, 1.0);(0.3, 1.0, 0.1);(0.1, 0.2, 0.0, 1.0);(-0.1, 0.9, 0.0);(0.0, 0.0, 0.0, 1.0);
125;12/16/2021 6:21:48 PM 796;(0.0, 0.7, -0.2);(-0.6, 0.0, -0.3, 0.8);(0.0, 0.7, -0.2);(-0.6, 0.2, -0.3, 0.7);TouchPointRight (HR_Toolkit.RedirectionObject);BodyWarping_Zenner_Extended;(0.1, 1.0, 0.1);(0.1, 0.0, 0.0, 1.0);(0.3, 1.0, 0.1);(0.1, 0.2, 0.0, 1.0);(-0.1, 0.9, 0.0);(0.0, 0.0, 0.0, 1.0);
126;12/16/2021 6:21:48 PM 812;(0.0, 0.7, -0.2);(-0.6, 0.0, -0.3, 0.8);(0.0, 0.7, -0.2);(-0.6, 0.2, -0.3, 0.7);TouchPointRight (HR_Toolkit.RedirectionObject);BodyWarping_Zenner_Extended;(0.1, 1.0, 0.1);(0.1, 0.0, 0.0, 1.0);(0.3, 1.0, 0.1);(0.1, 0.2, 0.0, 1.0);(-0.1, 0.9, 0.0);(0.0, 0.0, 0.0, 1.0);
127;12/16/2021 6:21:48 PM 831;(0.0, 0.7, -0.2);(-0.6, 0.0, -0.3, 0.8);(0.0, 0.7, -0.2);(-0.6, 0.2, -0.3, 0.7);TouchPointRight (HR_Toolkit.RedirectionObject);BodyWarping_Zenner_Extended;(0.1, 1.0, 0.1);(0.1, 0.0, 0.0, 1.0);(0.3, 1.0, 0.1);(0.1, 0.2, 0.0, 1.0);(-0.1, 0.9, 0.0);(0.0, 0.0, 0.0, 1.0);
128;12/16/2021 6:21:48 PM 901;(0.0, 0.7, -0.2);(-0.6, 0.0, -0.3, 0.8);(0.0, 0.7, -0.2);(-0.6, 0.2, -0.3, 0.7);TouchPointRight (HR_Toolkit.RedirectionObject);BodyWarping_Zenner_Extended;(0.1, 1.0, 0.1);(0.1, 0.0, 0.0, 1.0);(0.3, 1.0, 0.1);(0.1, 0.2, 0.0, 1.0);(-0.1, 0.9, 0.0);(0.0, 0.0, 0.0, 1.0);
129;12/16/2021 6:21:49 PM 203;(0.0, 0.7, -0.2);(-0.6, 0.0, -0.3, 0.8);(0.0, 0.8, -0.1);(-0.7, 0.2, -0.3, 0.6);TouchPointRight (HR_Toolkit.RedirectionObject);BodyWarping_Zenner_Extended;(0.1, 1.0, 0.1);(0.1, 0.0, 0.0, 1.0);(0.3, 1.0, 0.1);(0.1, 0.2, 0.0, 1.0);(-0.1, 0.9, 0.0);(0.0, 0.0, 0.0, 1.0);
130;12/16/2021 6:21:49 PM 420;(0.0, 0.8, -0.1);(-0.6, 0.1, -0.3, 0.7);(0.2, 0.9, -0.1);(-0.9, 0.2, -0.1, 0.4);TouchPointRight (HR_Toolkit.RedirectionObject);BodyWarping_Zenner_Extended;(0.1, 1.0, 0.1);(0.1, 0.0, 0.0, 1.0);(0.3, 1.0, 0.1);(0.1, 0.2, 0.0, 1.0);(-0.1, 0.9, 0.0);(0.0, 0.0, 0.0, 1.0);
131;12/16/2021 6:21:49 PM 466;(0.2, 0.9, 0.0);(-0.9, 0.0, 0.0, 0.5);(0.3, 1.0, -0.1);(-0.9, 0.3, 0.1, 0.4);TouchPointRight (HR_Toolkit.RedirectionObject);BodyWarping_Zenner_Extended;(0.1, 1.0, 0.1);(0.1, 0.0, 0.0, 1.0);(0.3, 1.0, 0.1);(0.1, 0.2, 0.0, 1.0);(-0.1, 0.9, 0.0);(0.0, 0.0, 0.0, 1.0);
132;12/16/2021 6:21:49 PM 663;(0.2, 1.0, 0.0);(-0.9, 0.1, 0.0, 0.5);(0.4, 0.9, -0.1);(-0.8, 0.3, 0.0, 0.5);TouchPointRight (HR_Toolkit.RedirectionObject);BodyWarping_Zenner_Extended;(0.1, 1.0, 0.1);(0.1, 0.0, 0.0, 1.0);(0.3, 1.0, 0.1);(0.1, 0.2, 0.0, 1.0);(-0.1, 0.9, 0.0);(0.0, 0.0, 0.0, 1.0);
133;12/16/2021 6:21:49 PM 781;(0.2, 1.0, 0.0);(-0.8, 0.1, 0.0, 0.5);(0.4, 0.9, 0.0);(-0.8, 0.3, 0.0, 0.5);TouchPointRight (HR_Toolkit.RedirectionObject);BodyWarping_Zenner_Extended;(0.1, 1.0, 0.1);(0.1, 0.0, 0.0, 1.0);(0.3, 1.0, 0.1);(0.1, 0.2, 0.0, 1.0);(-0.1, 0.9, 0.0);(0.0, 0.0, 0.0, 1.0);
134;12/16/2021 6:21:49 PM 855;(0.2, 1.0, 0.1);(-0.8, 0.1, -0.1, 0.5);(0.4, 0.9, 0.0);(-0.8, 0.3, 0.0, 0.5);TouchPointRight (HR_Toolkit.RedirectionObject);BodyWarping_Zenner_Extended;(0.1, 1.0, 0.1);(0.1, 0.0, 0.0, 1.0);(0.3, 1.0, 0.1);(0.1, 0.2, 0.0, 1.0);(-0.1, 0.9, 0.0);(0.0, 0.0, 0.0, 1.0);
135;12/16/2021 6:21:49 PM 958;(0.2, 1.0, 0.1);(-0.8, 0.1, -0.1, 0.5);(0.4, 0.9, 0.0);(-0.8, 0.2, -0.1, 0.5);TouchPointRight (HR_Toolkit.RedirectionObject);BodyWarping_Zenner_Extended;(0.1, 1.0, 0.1);(0.1, 0.0, 0.0, 1.0);(0.3, 1.0, 0.1);(0.1, 0.2, 0.0, 1.0);(-0.1, 0.9, 0.0);(0.0, 0.0, 0.0, 1.0);
136;12/16/2021 6:21:49 PM 971;(0.2, 1.0, 0.1);(-0.8, 0.0, -0.1, 0.5);(0.4, 0.9, 0.0);(-0.9, 0.2, -0.1, 0.5);TouchPointRight (HR_Toolkit.RedirectionObject);BodyWarping_Zenner_Extended;(0.1, 1.0, 0.1);(0.1, 0.0, 0.0, 1.0);(0.3, 1.0, 0.1);(0.1, 0.2, 0.0, 1.0);(-0.1, 0.9, 0.0);(0.0, 0.0, 0.0, 1.0);
137;12/16/2021 6:21:49 PM 990;(0.2, 1.0, 0.1);(-0.8, 0.0, -0.1, 0.5);(0.3, 0.9, 0.0);(-0.9, 0.2, -0.1, 0.4);TouchPointRight (HR_Toolkit.RedirectionObject);BodyWarping_Zenner_Extended;(0.1, 1.0, 0.1);(0.1, 0.0, 0.0, 1.0);(0.3, 1.0, 0.1);(0.1, 0.2, 0.0, 1.0);(-0.1, 0.9, 0.0);(0.0, 0.0, 0.0, 1.0);
138;12/16/2021 6:21:50 PM 13;(0.2, 1.0, 0.1);(-0.8, 0.0, -0.2, 0.5);(0.3, 0.9, 0.0);(-0.9, 0.2, -0.1, 0.4);TouchPointRight (HR_Toolkit.RedirectionObject);BodyWarping_Zenner_Extended;(0.1, 1.0, 0.1);(0.1, 0.0, 0.0, 1.0);(0.3, 1.0, 0.1);(0.1, 0.2, 0.0, 1.0);(-0.1, 0.9, 0.0);(0.0, 0.0, 0.0, 1.0);
139;12/16/2021 6:21:50 PM 28;(0.2, 1.0, 0.1);(-0.8, 0.0, -0.2, 0.5);(0.3, 0.9, 0.0);(-0.9, 0.2, -0.1, 0.4);TouchPointRight (HR_Toolkit.RedirectionObject);BodyWarping_Zenner_Extended;(0.1, 1.0, 0.1);(0.1, 0.0, 0.0, 1.0);(0.3, 1.0, 0.1);(0.1, 0.2, 0.0, 1.0);(-0.1, 0.9, 0.0);(0.0, 0.0, 0.0, 1.0);
140;12/16/2021 6:21:50 PM 43;(0.2, 1.0, 0.1);(-0.8, 0.0, -0.2, 0.5);(0.3, 1.0, 0.0);(-0.9, 0.2, -0.1, 0.4);TouchPointRight (HR_Toolkit.RedirectionObject);BodyWarping_Zenner_Extended;(0.1, 1.0, 0.1);(0.1, 0.0, 0.0, 1.0);(0.3, 1.0, 0.1);(0.1, 0.2, 0.0, 1.0);(-0.1, 0.9, 0.0);(0.0, 0.0, 0.0, 1.0);
141;12/16/2021 6:21:50 PM 62;(0.2, 1.0, 0.1);(-0.9, 0.0, -0.2, 0.5);(0.3, 1.0, 0.0);(-0.9, 0.2, -0.1, 0.4);TouchPointRight (HR_Toolkit.RedirectionObject);BodyWarping_Zenner_Extended;(0.1, 1.0, 0.1);(0.1, 0.0, 0.0, 1.0);(0.3, 1.0, 0.1);(0.1, 0.2, 0.0, 1.0);(-0.1, 0.9, 0.0);(0.0, 0.0, 0.0, 1.0);
142;12/16/2021 6:21:50 PM 77;(0.2, 1.0, 0.1);(-0.9, 0.0, -0.2, 0.5);(0.3, 1.0, 0.0);(-0.9, 0.2, -0.1, 0.4);TouchPointRight (HR_Toolkit.RedirectionObject);BodyWarping_Zenner_Extended;(0.1, 1.0, 0.1);(0.1, 0.0, 0.0, 1.0);(0.3, 1.0, 0.1);(0.1, 0.2, 0.0, 1.0);(-0.1, 0.9, 0.0);(0.0, 0.0, 0.0, 1.0);
143;12/16/2021 6:21:50 PM 95;(0.2, 1.0, 0.1);(-0.9, 0.0, -0.2, 0.5);(0.3, 1.0, 0.0);(-0.9, 0.2, -0.1, 0.4);TouchPointRight (HR_Toolkit.RedirectionObject);BodyWarping_Zenner_Extended;(0.1, 1.0, 0.1);(0.1, 0.0, 0.0, 1.0);(0.3, 1.0, 0.1);(0.1, 0.2, 0.0, 1.0);(-0.1, 0.9, 0.0);(0.0, 0.0, 0.0, 1.0);
144;12/16/2021 6:21:50 PM 111;(0.2, 1.0, 0.1);(-0.9, 0.0, -0.2, 0.5);(0.3, 1.0, 0.0);(-0.9, 0.2, -0.1, 0.4);TouchPointRight (HR_Toolkit.RedirectionObject);BodyWarping_Zenner_Extended;(0.1, 1.0, 0.1);(0.1, 0.0, 0.0, 1.0);(0.3, 1.0, 0.1);(0.1, 0.2, 0.0, 1.0);(-0.1, 0.9, 0.0);(0.0, 0.0, 0.0, 1.0);
145;12/16/2021 6:21:50 PM 129;(0.1, 1.0, 0.1);(-0.9, 0.0, -0.2, 0.5);(0.3, 1.0, 0.0);(-0.9, 0.1, -0.1, 0.4);TouchPointRight (HR_Toolkit.RedirectionObject);BodyWarping_Zenner_Extended;(0.1, 1.0, 0.1);(0.1, 0.0, 0.0, 1.0);(0.3, 1.0, 0.1);(0.1, 0.2, 0.0, 1.0);(-0.1, 0.9, 0.0);(0.0, 0.0, 0.0, 1.0);
146;12/16/2021 6:21:50 PM 144;(0.1, 1.0, 0.1);(-0.9, 0.0, -0.2, 0.5);(0.3, 1.0, 0.0);(-0.9, 0.1, -0.1, 0.4);TouchPointRight (HR_Toolkit.RedirectionObject);BodyWarping_Zenner_Extended;(0.1, 1.0, 0.1);(0.1, 0.0, 0.0, 1.0);(0.3, 1.0, 0.1);(0.1, 0.2, 0.0, 1.0);(-0.1, 0.9, 0.0);(0.0, 0.0, 0.0, 1.0);
147;12/16/2021 6:21:50 PM 162;(0.1, 1.0, 0.1);(-0.9, 0.0, -0.2, 0.5);(0.3, 1.0, 0.0);(-0.9, 0.1, -0.1, 0.4);TouchPointRight (HR_Toolkit.RedirectionObject);BodyWarping_Zenner_Extended;(0.1, 1.0, 0.1);(0.1, 0.0, 0.0, 1.0);(0.3, 1.0, 0.1);(0.1, 0.2, 0.0, 1.0);(-0.1, 0.9, 0.0);(0.0, 0.0, 0.0, 1.0);
148;12/16/2021 6:21:50 PM 177;(0.1, 1.0, 0.1);(-0.9, -0.1, -0.2, 0.5);(0.3, 1.0, 0.0);(-0.9, 0.1, -0.1, 0.4);TouchPointRight (HR_Toolkit.RedirectionObject);BodyWarping_Zenner_Extended;(0.1, 1.0, 0.1);(0.1, 0.0, 0.0, 1.0);(0.3, 1.0, 0.1);(0.1, 0.2, 0.0, 1.0);(-0.1, 0.9, 0.0);(0.0, 0.0, 0.0, 1.0);
149;12/16/2021 6:21:50 PM 195;(0.1, 1.0, 0.1);(-0.9, -0.1, -0.2, 0.5);(0.3, 1.0, 0.0);(-0.9, 0.1, -0.1, 0.4);TouchPointRight (HR_Toolkit.RedirectionObject);BodyWarping_Zenner_Extended;(0.1, 1.0, 0.1);(0.1, 0.0, 0.0, 1.0);(0.3, 1.0, 0.1);(0.1, 0.2, 0.0, 1.0);(-0.1, 0.9, 0.0);(0.0, 0.0, 0.0, 1.0);
150;12/16/2021 6:21:50 PM 211;(0.1, 1.0, 0.1);(-0.9, -0.1, -0.2, 0.5);(0.3, 1.0, 0.0);(-0.9, 0.1, -0.1, 0.4);TouchPointRight (HR_Toolkit.RedirectionObject);BodyWarping_Zenner_Extended;(0.1, 1.0, 0.1);(0.1, 0.0, 0.0, 1.0);(0.3, 1.0, 0.1);(0.1, 0.2, 0.0, 1.0);(-0.1, 0.9, 0.0);(0.0, 0.0, 0.0, 1.0);
151;12/16/2021 6:21:50 PM 228;(0.1, 1.0, 0.1);(-0.9, -0.1, -0.2, 0.5);(0.3, 1.0, 0.0);(-0.9, 0.1, -0.1, 0.4);TouchPointRight (HR_Toolkit.RedirectionObject);BodyWarping_Zenner_Extended;(0.1, 1.0, 0.1);(0.1, 0.0, 0.0, 1.0);(0.3, 1.0, 0.1);(0.1, 0.2, 0.0, 1.0);(-0.1, 0.9, 0.0);(0.0, 0.0, 0.0, 1.0);
152;12/16/2021 6:21:50 PM 255;(0.1, 1.0, 0.1);(-0.9, -0.1, -0.2, 0.5);(0.3, 1.0, 0.0);(-0.9, 0.1, -0.1, 0.4);TouchPointRight (HR_Toolkit.RedirectionObject);BodyWarping_Zenner_Extended;(0.1, 1.0, 0.1);(0.1, 0.0, 0.0, 1.0);(0.3, 1.0, 0.1);(0.1, 0.2, 0.0, 1.0);(-0.1, 0.9, 0.0);(0.0, 0.0, 0.0, 1.0);
153;12/16/2021 6:21:50 PM 286;(0.1, 1.0, 0.1);(-0.9, -0.1, -0.1, 0.5);(0.3, 1.0, 0.0);(-0.9, 0.1, -0.1, 0.4);TouchPointRight (HR_Toolkit.RedirectionObject);BodyWarping_Zenner_Extended;(0.1, 1.0, 0.1);(0.1, 0.0, 0.0, 1.0);(0.3, 1.0, 0.1);(0.1, 0.2, 0.0, 1.0);(-0.1, 0.9, 0.0);(0.0, 0.0, 0.0, 1.0);
154;12/16/2021 6:21:50 PM 303;(0.1, 1.0, 0.1);(-0.9, -0.1, -0.1, 0.5);(0.3, 1.0, 0.0);(-0.9, 0.1, 0.0, 0.5);TouchPointRight (HR_Toolkit.RedirectionObject);BodyWarping_Zenner_Extended;(0.1, 1.0, 0.1);(0.1, 0.0, 0.0, 1.0);(0.3, 1.0, 0.1);(0.1, 0.2, 0.0, 1.0);(-0.1, 0.9, 0.0);(0.0, 0.0, 0.0, 1.0);
155;12/16/2021 6:21:50 PM 327;(0.1, 1.0, 0.1);(-0.8, -0.1, -0.1, 0.5);(0.3, 1.0, 0.0);(-0.9, 0.1, -0.1, 0.5);TouchPointRight (HR_Toolkit.RedirectionObject);BodyWarping_Zenner_Extended;(0.1, 1.0, 0.1);(0.1, 0.0, 0.0, 1.0);(0.3, 1.0, 0.1);(0.1, 0.2, 0.0, 1.0);(-0.1, 0.9, 0.0);(0.0, 0.0, 0.0, 1.0);
156;12/16/2021 6:21:50 PM 404;(0.1, 1.0, 0.1);(-0.8, -0.1, -0.1, 0.5);(0.3, 1.0, 0.0);(-0.9, 0.1, -0.1, 0.5);TouchPointRight (HR_Toolkit.RedirectionObject);BodyWarping_Zenner_Extended;(0.1, 1.0, 0.1);(0.1, 0.0, 0.0, 1.0);(0.3, 1.0, 0.1);(0.1, 0.2, 0.0, 1.0);(-0.1, 0.9, 0.0);(0.0, 0.0, 0.0, 1.0);
157;12/16/2021 6:21:50 PM 466;(0.1, 1.0, 0.1);(-0.8, -0.1, -0.1, 0.5);(0.3, 1.0, 0.0);(-0.9, 0.1, -0.1, 0.5);TouchPointRight (HR_Toolkit.RedirectionObject);BodyWarping_Zenner_Extended;(0.1, 1.0, 0.1);(0.1, 0.0, 0.0, 1.0);(0.3, 1.0, 0.1);(0.1, 0.2, 0.0, 1.0);(-0.1, 0.9, 0.0);(0.0, 0.0, 0.0, 1.0);
158;12/16/2021 6:21:50 PM 479;(0.1, 1.0, 0.1);(-0.8, -0.1, -0.1, 0.5);(0.3, 1.0, 0.0);(-0.9, 0.1, -0.1, 0.5);TouchPointRight (HR_Toolkit.RedirectionObject);BodyWarping_Zenner_Extended;(0.1, 1.0, 0.1);(0.1, 0.0, 0.0, 1.0);(0.3, 1.0, 0.1);(0.1, 0.2, 0.0, 1.0);(-0.1, 0.9, 0.0);(0.0, 0.0, 0.0, 1.0);
159;12/16/2021 6:21:50 PM 495;(0.1, 1.0, 0.1);(-0.8, -0.1, -0.1, 0.5);(0.3, 1.0, 0.0);(-0.9, 0.1, -0.1, 0.5);TouchPointRight (HR_Toolkit.RedirectionObject);BodyWarping_Zenner_Extended;(0.1, 1.0, 0.1);(0.1, 0.0, 0.0, 1.0);(0.3, 1.0, 0.1);(0.1, 0.2, 0.0, 1.0);(-0.1, 0.9, 0.0);(0.0, 0.0, 0.0, 1.0);
160;12/16/2021 6:21:50 PM 510;(0.1, 1.0, 0.1);(-0.8, -0.1, -0.1, 0.5);(0.3, 1.0, 0.0);(-0.9, 0.1, -0.1, 0.5);TouchPointRight (HR_Toolkit.RedirectionObject);BodyWarping_Zenner_Extended;(0.1, 1.0, 0.1);(0.1, 0.0, 0.0, 1.0);(0.3, 1.0, 0.1);(0.1, 0.2, 0.0, 1.0);(-0.1, 0.9, 0.0);(0.0, 0.0, 0.0, 1.0);
161;12/16/2021 6:21:50 PM 529;(0.1, 1.0, 0.1);(-0.8, -0.1, -0.1, 0.5);(0.3, 1.0, 0.0);(-0.9, 0.1, -0.1, 0.5);TouchPointRight (HR_Toolkit.RedirectionObject);BodyWarping_Zenner_Extended;(0.1, 1.0, 0.1);(0.1, 0.0, 0.0, 1.0);(0.3, 1.0, 0.1);(0.1, 0.2, 0.0, 1.0);(-0.1, 0.9, 0.0);(0.0, 0.0, 0.0, 1.0);
162;12/16/2021 6:21:50 PM 544;(0.1, 1.0, 0.1);(-0.8, -0.1, -0.1, 0.5);(0.3, 1.0, 0.0);(-0.9, 0.1, -0.1, 0.5);TouchPointRight (HR_Toolkit.RedirectionObject);BodyWarping_Zenner_Extended;(0.1, 1.0, 0.1);(0.1, 0.0, 0.0, 1.0);(0.3, 1.0, 0.1);(0.1, 0.2, 0.0, 1.0);(-0.1, 0.9, 0.0);(0.0, 0.0, 0.0, 1.0);
163;12/16/2021 6:21:50 PM 568;(0.1, 1.0, 0.1);(-0.8, -0.1, -0.1, 0.6);(0.3, 1.0, 0.0);(-0.9, 0.1, -0.1, 0.5);TouchPointRight (HR_Toolkit.RedirectionObject);BodyWarping_Zenner_Extended;(0.1, 1.0, 0.1);(0.1, 0.0, 0.0, 1.0);(0.3, 1.0, 0.1);(0.1, 0.2, 0.0, 1.0);(-0.1, 0.9, 0.0);(0.0, 0.0, 0.0, 1.0);
164;12/16/2021 6:21:50 PM 587;(0.1, 1.0, 0.1);(-0.8, -0.1, -0.1, 0.6);(0.3, 1.0, 0.0);(-0.8, 0.1, -0.1, 0.5);TouchPointRight (HR_Toolkit.RedirectionObject);BodyWarping_Zenner_Extended;(0.1, 1.0, 0.1);(0.1, 0.0, 0.0, 1.0);(0.3, 1.0, 0.1);(0.1, 0.2, 0.0, 1.0);(-0.1, 0.9, 0.0);(0.0, 0.0, 0.0, 1.0);
165;12/16/2021 6:21:50 PM 612;(0.1, 1.0, 0.1);(-0.8, -0.1, -0.1, 0.6);(0.3, 1.0, 0.0);(-0.8, 0.1, -0.1, 0.5);TouchPointRight (HR_Toolkit.RedirectionObject);BodyWarping_Zenner_Extended;(0.1, 1.0, 0.1);(0.1, 0.0, 0.0, 1.0);(0.3, 1.0, 0.1);(0.1, 0.2, 0.0, 1.0);(-0.1, 0.9, 0.0);(0.0, 0.0, 0.0, 1.0);
166;12/16/2021 6:21:50 PM 629;(0.1, 1.0, 0.1);(-0.8, -0.1, -0.1, 0.6);(0.3, 1.0, 0.0);(-0.8, 0.1, -0.1, 0.5);TouchPointRight (HR_Toolkit.RedirectionObject);BodyWarping_Zenner_Extended;(0.1, 1.0, 0.1);(0.1, 0.0, 0.0, 1.0);(0.3, 1.0, 0.1);(0.1, 0.2, 0.0, 1.0);(-0.1, 0.9, 0.0);(0.0, 0.0, 0.0, 1.0);
167;12/16/2021 6:21:50 PM 645;(0.1, 1.0, 0.1);(-0.8, -0.1, -0.1, 0.6);(0.3, 1.0, 0.0);(-0.8, 0.1, -0.1, 0.5);TouchPointRight (HR_Toolkit.RedirectionObject);BodyWarping_Zenner_Extended;(0.1, 1.0, 0.1);(0.1, 0.0, 0.0, 1.0);(0.3, 1.0, 0.1);(0.1, 0.2, 0.0, 1.0);(-0.1, 0.9, 0.0);(0.0, 0.0, 0.0, 1.0);
168;12/16/2021 6:21:50 PM 662;(0.1, 1.0, 0.0);(-0.8, -0.1, -0.2, 0.6);(0.3, 1.0, 0.0);(-0.8, 0.1, -0.1, 0.5);TouchPointRight (HR_Toolkit.RedirectionObject);BodyWarping_Zenner_Extended;(0.1, 1.0, 0.1);(0.1, 0.0, 0.0, 1.0);(0.3, 1.0, 0.1);(0.1, 0.2, 0.0, 1.0);(-0.1, 0.9, 0.0);(0.0, 0.0, 0.0, 1.0);
169;12/16/2021 6:21:50 PM 677;(0.1, 1.0, 0.0);(-0.8, -0.1, -0.2, 0.6);(0.3, 1.0, 0.0);(-0.8, 0.1, -0.1, 0.5);TouchPointRight (HR_Toolkit.RedirectionObject);BodyWarping_Zenner_Extended;(0.1, 1.0, 0.1);(0.1, 0.0, 0.0, 1.0);(0.3, 1.0, 0.1);(0.1, 0.2, 0.0, 1.0);(-0.1, 0.9, 0.0);(0.0, 0.0, 0.0, 1.0);
170;12/16/2021 6:21:50 PM 695;(0.1, 1.0, 0.0);(-0.8, 0.0, -0.2, 0.6);(0.3, 1.0, 0.0);(-0.8, 0.1, -0.1, 0.5);TouchPointRight (HR_Toolkit.RedirectionObject);BodyWarping_Zenner_Extended;(0.1, 1.0, 0.1);(0.1, 0.0, 0.0, 1.0);(0.3, 1.0, 0.1);(0.1, 0.2, 0.0, 1.0);(-0.1, 0.9, 0.0);(0.0, 0.0, 0.0, 1.0);
171;12/16/2021 6:21:50 PM 710;(0.1, 1.0, 0.0);(-0.8, 0.0, -0.2, 0.6);(0.3, 1.0, 0.0);(-0.8, 0.1, -0.1, 0.5);TouchPointRight (HR_Toolkit.RedirectionObject);BodyWarping_Zenner_Extended;(0.1, 1.0, 0.1);(0.1, 0.0, 0.0, 1.0);(0.3, 1.0, 0.1);(0.1, 0.2, 0.0, 1.0);(-0.1, 0.9, 0.0);(0.0, 0.0, 0.0, 1.0);
172;12/16/2021 6:21:50 PM 728;(0.1, 1.0, 0.0);(-0.8, 0.0, -0.2, 0.6);(0.2, 0.9, 0.0);(-0.8, 0.2, -0.1, 0.5);TouchPointRight (HR_Toolkit.RedirectionObject);BodyWarping_Zenner_Extended;(0.1, 1.0, 0.1);(0.1, 0.0, 0.0, 1.0);(0.3, 1.0, 0.1);(0.1, 0.2, 0.0, 1.0);(-0.1, 0.9, 0.0);(0.0, 0.0, 0.0, 1.0);
173;12/16/2021 6:21:50 PM 744;(0.1, 1.0, 0.0);(-0.8, 0.0, -0.2, 0.6);(0.2, 0.9, 0.0);(-0.8, 0.2, -0.1, 0.5);TouchPointRight (HR_Toolkit.RedirectionObject);BodyWarping_Zenner_Extended;(0.1, 1.0, 0.1);(0.1, 0.0, 0.0, 1.0);(0.3, 1.0, 0.1);(0.1, 0.2, 0.0, 1.0);(-0.1, 0.9, 0.0);(0.0, 0.0, 0.0, 1.0);
174;12/16/2021 6:21:50 PM 762;(0.1, 0.9, 0.0);(-0.8, 0.0, -0.2, 0.6);(0.2, 0.9, -0.1);(-0.8, 0.2, -0.1, 0.5);TouchPointRight (HR_Toolkit.RedirectionObject);BodyWarping_Zenner_Extended;(0.1, 1.0, 0.1);(0.1, 0.0, 0.0, 1.0);(0.3, 1.0, 0.1);(0.1, 0.2, 0.0, 1.0);(-0.1, 0.9, 0.0);(0.0, 0.0, 0.0, 1.0);
175;12/16/2021 6:21:50 PM 777;(0.1, 0.9, 0.0);(-0.8, 0.0, -0.2, 0.6);(0.2, 0.9, -0.1);(-0.8, 0.2, -0.1, 0.5);TouchPointRight (HR_Toolkit.RedirectionObject);BodyWarping_Zenner_Extended;(0.1, 1.0, 0.1);(0.1, 0.0, 0.0, 1.0);(0.3, 1.0, 0.1);(0.1, 0.2, 0.0, 1.0);(-0.1, 0.9, 0.0);(0.0, 0.0, 0.0, 1.0);
176;12/16/2021 6:21:50 PM 794;(0.1, 0.9, 0.0);(-0.8, 0.0, -0.2, 0.6);(0.2, 0.9, -0.1);(-0.8, 0.2, -0.1, 0.6);TouchPointRight (HR_Toolkit.RedirectionObject);BodyWarping_Zenner_Extended;(0.1, 1.0, 0.1);(0.1, 0.0, 0.0, 1.0);(0.3, 1.0, 0.1);(0.1, 0.2, 0.0, 1.0);(-0.1, 0.9, 0.0);(0.0, 0.0, 0.0, 1.0);
177;12/16/2021 6:21:50 PM 810;(0.1, 0.9, 0.0);(-0.8, 0.0, -0.2, 0.6);(0.2, 0.9, -0.1);(-0.8, 0.2, -0.2, 0.6);TouchPointRight (HR_Toolkit.RedirectionObject);BodyWarping_Zenner_Extended;(0.1, 1.0, 0.1);(0.1, 0.0, 0.0, 1.0);(0.3, 1.0, 0.1);(0.1, 0.2, 0.0, 1.0);(-0.1, 0.9, 0.0);(0.0, 0.0, 0.0, 1.0);
178;12/16/2021 6:21:50 PM 828;(0.1, 0.9, 0.0);(-0.7, 0.0, -0.2, 0.6);(0.2, 0.9, -0.1);(-0.8, 0.2, -0.2, 0.6);TouchPointRight (HR_Toolkit.RedirectionObject);BodyWarping_Zenner_Extended;(0.1, 1.0, 0.1);(0.1, 0.0, 0.0, 1.0);(0.3, 1.0, 0.1);(0.1, 0.2, 0.0, 1.0);(-0.1, 0.9, 0.0);(0.0, 0.0, 0.0, 1.0);
179;12/16/2021 6:21:50 PM 844;(0.1, 0.9, 0.0);(-0.7, 0.0, -0.2, 0.6);(0.2, 0.9, -0.1);(-0.8, 0.2, -0.2, 0.6);TouchPointRight (HR_Toolkit.RedirectionObject);BodyWarping_Zenner_Extended;(0.1, 1.0, 0.1);(0.1, 0.0, 0.0, 1.0);(0.3, 1.0, 0.1);(0.1, 0.2, 0.0, 1.0);(-0.1, 0.9, 0.0);(0.0, 0.0, 0.0, 1.0);
180;12/16/2021 6:21:50 PM 863;(0.1, 0.9, 0.0);(-0.7, 0.0, -0.2, 0.7);(0.2, 0.9, -0.1);(-0.8, 0.2, -0.2, 0.6);TouchPointRight (HR_Toolkit.RedirectionObject);BodyWarping_Zenner_Extended;(0.1, 1.0, 0.1);(0.1, 0.0, 0.0, 1.0);(0.3, 1.0, 0.1);(0.1, 0.2, 0.0, 1.0);(-0.1, 0.9, 0.0);(0.0, 0.0, 0.0, 1.0);
181;12/16/2021 6:21:50 PM 877;(0.1, 0.9, 0.0);(-0.7, 0.0, -0.2, 0.7);(0.2, 0.9, -0.1);(-0.7, 0.2, -0.2, 0.6);TouchPointRight (HR_Toolkit.RedirectionObject);BodyWarping_Zenner_Extended;(0.1, 1.0, 0.1);(0.1, 0.0, 0.0, 1.0);(0.3, 1.0, 0.1);(0.1, 0.2, 0.0, 1.0);(-0.1, 0.9, 0.0);(0.0, 0.0, 0.0, 1.0);
182;12/16/2021 6:21:50 PM 896;(0.1, 0.9, -0.1);(-0.7, 0.0, -0.2, 0.7);(0.2, 0.9, -0.1);(-0.7, 0.2, -0.2, 0.6);TouchPointRight (HR_Toolkit.RedirectionObject);BodyWarping_Zenner_Extended;(0.1, 1.0, 0.1);(0.1, 0.0, 0.0, 1.0);(0.3, 1.0, 0.1);(0.1, 0.2, 0.0, 1.0);(-0.1, 0.9, 0.0);(0.0, 0.0, 0.0, 1.0);
183;12/16/2021 6:21:50 PM 910;(0.1, 0.9, -0.1);(-0.7, 0.0, -0.2, 0.7);(0.2, 0.9, -0.1);(-0.7, 0.2, -0.2, 0.6);TouchPointRight (HR_Toolkit.RedirectionObject);BodyWarping_Zenner_Extended;(0.1, 1.0, 0.1);(0.1, 0.0, 0.0, 1.0);(0.3, 1.0, 0.1);(0.1, 0.2, 0.0, 1.0);(-0.1, 0.9, 0.0);(0.0, 0.0, 0.0, 1.0);
184;12/16/2021 6:21:50 PM 928;(0.1, 0.9, -0.1);(-0.7, 0.0, -0.2, 0.7);(0.1, 0.9, -0.1);(-0.7, 0.2, -0.2, 0.6);TouchPointRight (HR_Toolkit.RedirectionObject);BodyWarping_Zenner_Extended;(0.1, 1.0, 0.1);(0.1, 0.0, 0.0, 1.0);(0.3, 1.0, 0.1);(0.1, 0.2, 0.0, 1.0);(-0.1, 0.9, 0.0);(0.0, 0.0, 0.0, 1.0);
185;12/16/2021 6:21:50 PM 944;(0.1, 0.9, -0.1);(-0.6, 0.0, -0.2, 0.7);(0.1, 0.8, -0.1);(-0.7, 0.2, -0.3, 0.7);TouchPointRight (HR_Toolkit.RedirectionObject);BodyWarping_Zenner_Extended;(0.1, 1.0, 0.1);(0.1, 0.0, 0.0, 1.0);(0.3, 1.0, 0.1);(0.1, 0.2, 0.0, 1.0);(-0.1, 0.9, 0.0);(0.0, 0.0, 0.0, 1.0);
186;12/16/2021 6:21:50 PM 962;(0.1, 0.8, -0.1);(-0.6, 0.0, -0.3, 0.7);(0.1, 0.8, -0.1);(-0.7, 0.2, -0.3, 0.7);TouchPointRight (HR_Toolkit.RedirectionObject);BodyWarping_Zenner_Extended;(0.1, 1.0, 0.1);(0.1, 0.0, 0.0, 1.0);(0.3, 1.0, 0.1);(0.1, 0.2, 0.0, 1.0);(-0.1, 0.9, 0.0);(0.0, 0.0, 0.0, 1.0);
187;12/16/2021 6:21:50 PM 978;(0.1, 0.8, -0.1);(-0.6, 0.0, -0.3, 0.7);(0.1, 0.8, -0.1);(-0.7, 0.2, -0.3, 0.7);TouchPointRight (HR_Toolkit.RedirectionObject);BodyWarping_Zenner_Extended;(0.1, 1.0, 0.1);(0.1, 0.0, 0.0, 1.0);(0.3, 1.0, 0.1);(0.1, 0.2, 0.0, 1.0);(-0.1, 0.9, 0.0);(0.0, 0.0, 0.0, 1.0);
188;12/16/2021 6:21:50 PM 995;(0.0, 0.8, -0.1);(-0.6, 0.0, -0.3, 0.8);(0.1, 0.8, -0.1);(-0.6, 0.2, -0.3, 0.7);TouchPointRight (HR_Toolkit.RedirectionObject);BodyWarping_Zenner_Extended;(0.1, 1.0, 0.1);(0.1, 0.0, 0.0, 1.0);(0.3, 1.0, 0.1);(0.1, 0.2, 0.0, 1.0);(-0.1, 0.9, 0.0);(0.0, 0.0, 0.0, 1.0);
189;12/16/2021 6:21:51 PM 10;(0.0, 0.8, -0.1);(-0.6, 0.0, -0.3, 0.8);(0.1, 0.8, -0.1);(-0.6, 0.2, -0.3, 0.7);TouchPointRight (HR_Toolkit.RedirectionObject);BodyWarping_Zenner_Extended;(0.1, 1.0, 0.1);(0.1, 0.0, 0.0, 1.0);(0.3, 1.0, 0.1);(0.1, 0.2, 0.0, 1.0);(-0.1, 0.9, 0.0);(0.0, 0.0, 0.0, 1.0);
190;12/16/2021 6:21:51 PM 29;(0.0, 0.8, -0.1);(-0.6, 0.0, -0.3, 0.8);(0.1, 0.8, -0.1);(-0.6, 0.2, -0.3, 0.7);TouchPointRight (HR_Toolkit.RedirectionObject);BodyWarping_Zenner_Extended;(0.1, 1.0, 0.1);(0.1, 0.0, 0.0, 1.0);(0.3, 1.0, 0.1);(0.1, 0.2, 0.0, 1.0);(-0.1, 0.9, 0.0);(0.0, 0.0, 0.0, 1.0);
191;12/16/2021 6:21:51 PM 42;(0.0, 0.8, -0.1);(-0.6, 0.0, -0.3, 0.8);(0.1, 0.8, -0.2);(-0.6, 0.2, -0.3, 0.7);TouchPointRight (HR_Toolkit.RedirectionObject);BodyWarping_Zenner_Extended;(0.1, 1.0, 0.1);(0.1, 0.0, 0.0, 1.0);(0.3, 1.0, 0.1);(0.1, 0.2, 0.0, 1.0);(-0.1, 0.9, 0.0);(0.0, 0.0, 0.0, 1.0);
192;12/16/2021 6:21:51 PM 61;(0.0, 0.8, -0.1);(-0.6, 0.0, -0.3, 0.8);(0.1, 0.8, -0.2);(-0.6, 0.2, -0.3, 0.7);TouchPointRight (HR_Toolkit.RedirectionObject);BodyWarping_Zenner_Extended;(0.1, 1.0, 0.1);(0.1, 0.0, 0.0, 1.0);(0.3, 1.0, 0.1);(0.1, 0.2, 0.0, 1.0);(-0.1, 0.9, 0.0);(0.0, 0.0, 0.0, 1.0);
193;12/16/2021 6:21:51 PM 77;(0.0, 0.8, -0.1);(-0.6, 0.0, -0.3, 0.8);(0.0, 0.8, -0.2);(-0.6, 0.2, -0.3, 0.7);TouchPointRight (HR_Toolkit.RedirectionObject);BodyWarping_Zenner_Extended;(0.1, 1.0, 0.1);(0.1, 0.0, 0.0, 1.0);(0.3, 1.0, 0.1);(0.1, 0.2, 0.0, 1.0);(-0.1, 0.9, 0.0);(0.0, 0.0, 0.0, 1.0);
194;12/16/2021 6:21:51 PM 96;(0.0, 0.8, -0.1);(-0.6, 0.0, -0.3, 0.8);(0.0, 0.8, -0.2);(-0.6, 0.2, -0.3, 0.7);TouchPointRight (HR_Toolkit.RedirectionObject);BodyWarping_Zenner_Extended;(0.1, 1.0, 0.1);(0.1, 0.0, 0.0, 1.0);(0.3, 1.0, 0.1);(0.1, 0.2, 0.0, 1.0);(-0.1, 0.9, 0.0);(0.0, 0.0, 0.0, 1.0);
195;12/16/2021 6:21:51 PM 110;(0.0, 0.8, -0.1);(-0.6, 0.0, -0.3, 0.8);(0.0, 0.8, -0.2);(-0.6, 0.2, -0.3, 0.7);TouchPointRight (HR_Toolkit.RedirectionObject);BodyWarping_Zenner_Extended;(0.1, 1.0, 0.1);(0.1, 0.0, 0.0, 1.0);(0.3, 1.0, 0.1);(0.1, 0.2, 0.0, 1.0);(-0.1, 0.9, 0.0);(0.0, 0.0, 0.0, 1.0);
196;12/16/2021 6:21:51 PM 129;(0.0, 0.8, -0.1);(-0.6, 0.0, -0.3, 0.8);(0.0, 0.8, -0.2);(-0.6, 0.2, -0.3, 0.7);TouchPointRight (HR_Toolkit.RedirectionObject);BodyWarping_Zenner_Extended;(0.1, 1.0, 0.1);(0.1, 0.0, 0.0, 1.0);(0.3, 1.0, 0.1);(0.1, 0.2, 0.0, 1.0);(-0.1, 0.9, 0.0);(0.0, 0.0, 0.0, 1.0);
197;12/16/2021 6:21:51 PM 143;(0.0, 0.8, -0.1);(-0.6, 0.0, -0.3, 0.8);(0.0, 0.8, -0.2);(-0.6, 0.2, -0.3, 0.7);TouchPointRight (HR_Toolkit.RedirectionObject);BodyWarping_Zenner_Extended;(0.1, 1.0, 0.1);(0.1, 0.0, 0.0, 1.0);(0.3, 1.0, 0.1);(0.1, 0.2, 0.0, 1.0);(-0.1, 0.9, 0.0);(0.0, 0.0, 0.0, 1.0);
198;12/16/2021 6:21:51 PM 162;(0.0, 0.8, -0.2);(-0.6, 0.0, -0.3, 0.8);(0.0, 0.8, -0.2);(-0.6, 0.1, -0.3, 0.7);TouchPointRight (HR_Toolkit.RedirectionObject);BodyWarping_Zenner_Extended;(0.1, 1.0, 0.1);(0.1, 0.0, 0.0, 1.0);(0.3, 1.0, 0.1);(0.1, 0.2, 0.0, 1.0);(-0.1, 0.9, 0.0);(0.0, 0.0, 0.0, 1.0);
199;12/16/2021 6:21:51 PM 177;(0.0, 0.7, -0.2);(-0.6, 0.0, -0.3, 0.8);(0.0, 0.7, -0.2);(-0.6, 0.2, -0.3, 0.7);TouchPointRight (HR_Toolkit.RedirectionObject);BodyWarping_Zenner_Extended;(0.1, 1.0, 0.1);(0.1, 0.0, 0.0, 1.0);(0.3, 1.0, 0.1);(0.1, 0.2, 0.0, 1.0);(-0.1, 0.9, 0.0);(0.0, 0.0, 0.0, 1.0);
200;12/16/2021 6:21:51 PM 197;(0.0, 0.7, -0.2);(-0.6, 0.0, -0.3, 0.8);(0.0, 0.7, -0.2);(-0.6, 0.2, -0.3, 0.7);TouchPointRight (HR_Toolkit.RedirectionObject);BodyWarping_Zenner_Extended;(0.1, 1.0, 0.1);(0.1, 0.0, 0.0, 1.0);(0.3, 1.0, 0.1);(0.1, 0.2, 0.0, 1.0);(-0.1, 0.9, 0.0);(0.0, 0.0, 0.0, 1.0);
201;12/16/2021 6:21:51 PM 211;(0.0, 0.7, -0.2);(-0.6, 0.0, -0.3, 0.8);(0.0, 0.7, -0.2);(-0.6, 0.2, -0.3, 0.7);TouchPointRight (HR_Toolkit.RedirectionObject);BodyWarping_Zenner_Extended;(0.1, 1.0, 0.1);(0.1, 0.0, 0.0, 1.0);(0.3, 1.0, 0.1);(0.1, 0.2, 0.0, 1.0);(-0.1, 0.9, 0.0);(0.0, 0.0, 0.0, 1.0);
202;12/16/2021 6:21:51 PM 228;(0.0, 0.7, -0.2);(-0.6, 0.0, -0.3, 0.8);(0.0, 0.7, -0.2);(-0.6, 0.1, -0.3, 0.7);TouchPointRight (HR_Toolkit.RedirectionObject);BodyWarping_Zenner_Extended;(0.1, 1.0, 0.1);(0.1, 0.0, 0.0, 1.0);(0.3, 1.0, 0.1);(0.1, 0.2, 0.0, 1.0);(-0.1, 0.9, 0.0);(0.0, 0.0, 0.0, 1.0);
203;12/16/2021 6:21:51 PM 243;(0.0, 0.7, -0.2);(-0.6, 0.0, -0.3, 0.8);(0.0, 0.7, -0.2);(-0.6, 0.1, -0.3, 0.7);TouchPointRight (HR_Toolkit.RedirectionObject);BodyWarping_Zenner_Extended;(0.1, 1.0, 0.1);(0.1, 0.0, 0.0, 1.0);(0.3, 1.0, 0.1);(0.1, 0.2, 0.0, 1.0);(-0.1, 0.9, 0.0);(0.0, 0.0, 0.0, 1.0);
204;12/16/2021 6:21:51 PM 265;(0.0, 0.7, -0.2);(-0.6, 0.0, -0.2, 0.8);(0.0, 0.7, -0.2);(-0.6, 0.1, -0.3, 0.7);TouchPointRight (HR_Toolkit.RedirectionObject);BodyWarping_Zenner_Extended;(0.1, 1.0, 0.1);(0.1, 0.0, 0.0, 1.0);(0.3, 1.0, 0.1);(0.1, 0.2, 0.0, 1.0);(-0.1, 0.9, 0.0);(0.0, 0.0, 0.0, 1.0);
205;12/16/2021 6:21:51 PM 278;(0.0, 0.7, -0.2);(-0.6, -0.1, -0.2, 0.8);(0.0, 0.7, -0.2);(-0.6, 0.1, -0.2, 0.7);TouchPointRight (HR_Toolkit.RedirectionObject);BodyWarping_Zenner_Extended;(0.1, 1.0, 0.1);(0.1, 0.0, 0.0, 1.0);(0.3, 1.0, 0.1);(0.1, 0.2, 0.0, 1.0);(-0.1, 0.9, 0.0);(0.0, 0.0, 0.0, 1.0);
206;12/16/2021 6:21:51 PM 296;(0.0, 0.7, -0.2);(-0.6, 0.0, -0.2, 0.8);(0.0, 0.7, -0.2);(-0.6, 0.1, -0.3, 0.7);TouchPointRight (HR_Toolkit.RedirectionObject);BodyWarping_Zenner_Extended;(0.1, 1.0, 0.1);(0.1, 0.0, 0.0, 1.0);(0.3, 1.0, 0.1);(0.1, 0.2, 0.0, 1.0);(-0.1, 0.9, 0.0);(0.0, 0.0, 0.0, 1.0);
207;12/16/2021 6:21:51 PM 310;(0.0, 0.7, -0.2);(-0.6, 0.0, -0.2, 0.8);(0.0, 0.7, -0.2);(-0.6, 0.2, -0.3, 0.7);TouchPointRight (HR_Toolkit.RedirectionObject);BodyWarping_Zenner_Extended;(0.1, 1.0, 0.1);(0.1, 0.0, 0.0, 1.0);(0.3, 1.0, 0.1);(0.1, 0.2, 0.0, 1.0);(-0.1, 0.9, 0.0);(0.0, 0.0, 0.0, 1.0);
208;12/16/2021 6:21:51 PM 328;(0.0, 0.7, -0.2);(-0.6, 0.0, -0.2, 0.8);(0.0, 0.7, -0.2);(-0.6, 0.2, -0.3, 0.7);TouchPointRight (HR_Toolkit.RedirectionObject);BodyWarping_Zenner_Extended;(0.1, 1.0, 0.1);(0.1, 0.0, 0.0, 1.0);(0.3, 1.0, 0.1);(0.1, 0.2, 0.0, 1.0);(-0.1, 0.9, 0.0);(0.0, 0.0, 0.0, 1.0);
209;12/16/2021 6:21:51 PM 343;(0.0, 0.7, -0.2);(-0.6, 0.0, -0.2, 0.8);(0.0, 0.7, -0.2);(-0.6, 0.2, -0.3, 0.7);TouchPointRight (HR_Toolkit.RedirectionObject);BodyWarping_Zenner_Extended;(0.1, 1.0, 0.1);(0.1, 0.0, 0.0, 1.0);(0.3, 1.0, 0.1);(0.1, 0.2, 0.0, 1.0);(-0.1, 0.9, 0.0);(0.0, 0.0, 0.0, 1.0);
210;12/16/2021 6:21:51 PM 362;(0.0, 0.7, -0.2);(-0.6, 0.0, -0.2, 0.8);(0.0, 0.7, -0.2);(-0.6, 0.2, -0.3, 0.7);TouchPointRight (HR_Toolkit.RedirectionObject);BodyWarping_Zenner_Extended;(0.1, 1.0, 0.1);(0.1, 0.0, 0.0, 1.0);(0.3, 1.0, 0.1);(0.1, 0.2, 0.0, 1.0);(-0.1, 0.9, 0.0);(0.0, 0.0, 0.0, 1.0);
211;12/16/2021 6:21:51 PM 377;(0.0, 0.7, -0.2);(-0.6, 0.0, -0.2, 0.8);(0.0, 0.7, -0.2);(-0.6, 0.2, -0.3, 0.7);TouchPointRight (HR_Toolkit.RedirectionObject);BodyWarping_Zenner_Extended;(0.1, 1.0, 0.1);(0.1, 0.0, 0.0, 1.0);(0.3, 1.0, 0.1);(0.1, 0.2, 0.0, 1.0);(-0.1, 0.9, 0.0);(0.0, 0.0, 0.0, 1.0);
212;12/16/2021 6:21:51 PM 396;(0.0, 0.7, -0.2);(-0.6, 0.0, -0.2, 0.8);(0.0, 0.7, -0.2);(-0.6, 0.2, -0.3, 0.7);TouchPointRight (HR_Toolkit.RedirectionObject);BodyWarping_Zenner_Extended;(0.1, 1.0, 0.1);(0.1, 0.0, 0.0, 1.0);(0.3, 1.0, 0.1);(0.1, 0.2, 0.0, 1.0);(-0.1, 0.9, 0.0);(0.0, 0.0, 0.0, 1.0);
213;12/16/2021 6:21:51 PM 410;(0.0, 0.7, -0.2);(-0.6, 0.0, -0.2, 0.8);(0.0, 0.7, -0.2);(-0.6, 0.2, -0.3, 0.7);TouchPointRight (HR_Toolkit.RedirectionObject);BodyWarping_Zenner_Extended;(0.1, 1.0, 0.1);(0.1, 0.0, 0.0, 1.0);(0.3, 1.0, 0.1);(0.1, 0.2, 0.0, 1.0);(-0.1, 0.9, 0.0);(0.0, 0.0, 0.0, 1.0);
214;12/16/2021 6:21:51 PM 428;(0.0, 0.7, -0.2);(-0.6, 0.0, -0.2, 0.8);(0.0, 0.7, -0.2);(-0.6, 0.2, -0.3, 0.7);TouchPointRight (HR_Toolkit.RedirectionObject);BodyWarping_Zenner_Extended;(0.1, 1.0, 0.1);(0.1, 0.0, 0.0, 1.0);(0.3, 1.0, 0.1);(0.1, 0.2, 0.0, 1.0);(-0.1, 0.9, 0.0);(0.0, 0.0, 0.0, 1.0);
215;12/16/2021 6:21:51 PM 443;(0.0, 0.7, -0.2);(-0.6, 0.0, -0.2, 0.8);(0.0, 0.7, -0.2);(-0.6, 0.2, -0.3, 0.7);TouchPointRight (HR_Toolkit.RedirectionObject);BodyWarping_Zenner_Extended;(0.1, 1.0, 0.1);(0.1, 0.0, 0.0, 1.0);(0.3, 1.0, 0.1);(0.1, 0.2, 0.0, 1.0);(-0.1, 0.9, 0.0);(0.0, 0.0, 0.0, 1.0);
216;12/16/2021 6:21:51 PM 462;(0.0, 0.7, -0.2);(-0.6, 0.0, -0.2, 0.8);(0.0, 0.7, -0.2);(-0.6, 0.2, -0.3, 0.7);TouchPointRight (HR_Toolkit.RedirectionObject);BodyWarping_Zenner_Extended;(0.1, 1.0, 0.1);(0.1, 0.0, 0.0, 1.0);(0.3, 1.0, 0.1);(0.1, 0.2, 0.0, 1.0);(-0.1, 0.9, 0.0);(0.0, 0.0, 0.0, 1.0);
217;12/16/2021 6:21:51 PM 476;(0.0, 0.7, -0.2);(-0.6, 0.0, -0.2, 0.8);(0.0, 0.7, -0.2);(-0.6, 0.2, -0.3, 0.7);TouchPointRight (HR_Toolkit.RedirectionObject);BodyWarping_Zenner_Extended;(0.1, 1.0, 0.1);(0.1, 0.0, 0.0, 1.0);(0.3, 1.0, 0.1);(0.1, 0.2, 0.0, 1.0);(-0.1, 0.9, 0.0);(0.0, 0.0, 0.0, 1.0);
218;12/16/2021 6:21:51 PM 496;(0.0, 0.7, -0.2);(-0.6, 0.0, -0.2, 0.8);(0.0, 0.7, -0.2);(-0.6, 0.2, -0.3, 0.7);TouchPointRight (HR_Toolkit.RedirectionObject);BodyWarping_Zenner_Extended;(0.1, 1.0, 0.1);(0.1, 0.0, 0.0, 1.0);(0.3, 1.0, 0.1);(0.1, 0.2, 0.0, 1.0);(-0.1, 0.9, 0.0);(0.0, 0.0, 0.0, 1.0);
219;12/16/2021 6:21:51 PM 510;(0.0, 0.7, -0.2);(-0.6, 0.0, -0.2, 0.8);(0.0, 0.7, -0.2);(-0.6, 0.2, -0.3, 0.7);TouchPointRight (HR_Toolkit.RedirectionObject);BodyWarping_Zenner_Extended;(0.1, 1.0, 0.1);(0.1, 0.0, 0.0, 1.0);(0.3, 1.0, 0.1);(0.1, 0.2, 0.0, 1.0);(-0.1, 0.9, 0.0);(0.0, 0.0, 0.0, 1.0);
220;12/16/2021 6:21:51 PM 530;(0.0, 0.7, -0.2);(-0.6, 0.0, -0.2, 0.8);(0.0, 0.7, -0.2);(-0.6, 0.2, -0.3, 0.7);TouchPointRight (HR_Toolkit.RedirectionObject);BodyWarping_Zenner_Extended;(0.1, 1.0, 0.1);(0.1, 0.0, 0.0, 1.0);(0.3, 1.0, 0.1);(0.1, 0.2, 0.0, 1.0);(-0.1, 0.9, 0.0);(0.0, 0.0, 0.0, 1.0);
221;12/16/2021 6:21:51 PM 543;(0.0, 0.7, -0.2);(-0.6, 0.0, -0.2, 0.8);(0.0, 0.7, -0.2);(-0.6, 0.2, -0.3, 0.7);TouchPointRight (HR_Toolkit.RedirectionObject);BodyWarping_Zenner_Extended;(0.1, 1.0, 0.1);(0.1, 0.0, 0.0, 1.0);(0.3, 1.0, 0.1);(0.1, 0.2, 0.0, 1.0);(-0.1, 0.9, 0.0);(0.0, 0.0, 0.0, 1.0);
222;12/16/2021 6:21:51 PM 562;(0.0, 0.7, -0.2);(-0.6, 0.0, -0.2, 0.8);(0.0, 0.7, -0.2);(-0.6, 0.2, -0.3, 0.7);TouchPointRight (HR_Toolkit.RedirectionObject);BodyWarping_Zenner_Extended;(0.1, 1.0, 0.1);(0.1, 0.0, 0.0, 1.0);(0.3, 1.0, 0.1);(0.1, 0.2, 0.0, 1.0);(-0.1, 0.9, 0.0);(0.0, 0.0, 0.0, 1.0);
223;12/16/2021 6:21:51 PM 581;(0.0, 0.7, -0.2);(-0.6, 0.0, -0.2, 0.8);(0.0, 0.7, -0.2);(-0.6, 0.2, -0.3, 0.7);TouchPointRight (HR_Toolkit.RedirectionObject);BodyWarping_Zenner_Extended;(0.1, 1.0, 0.1);(0.1, 0.0, 0.0, 1.0);(0.3, 1.0, 0.1);(0.1, 0.2, 0.0, 1.0);(-0.1, 0.9, 0.0);(0.0, 0.0, 0.0, 1.0);
224;12/16/2021 6:21:51 PM 603;(0.0, 0.7, -0.2);(-0.6, 0.0, -0.2, 0.8);(0.0, 0.7, -0.2);(-0.6, 0.2, -0.3, 0.7);TouchPointRight (HR_Toolkit.RedirectionObject);BodyWarping_Zenner_Extended;(0.1, 1.0, 0.1);(0.1, 0.0, 0.0, 1.0);(0.3, 1.0, 0.1);(0.1, 0.2, 0.0, 1.0);(-0.1, 0.9, 0.0);(0.0, 0.0, 0.0, 1.0);
225;12/16/2021 6:21:51 PM 619;(0.0, 0.7, -0.2);(-0.6, 0.0, -0.2, 0.8);(0.0, 0.7, -0.2);(-0.6, 0.2, -0.3, 0.7);TouchPointRight (HR_Toolkit.RedirectionObject);BodyWarping_Zenner_Extended;(0.1, 1.0, 0.1);(0.1, 0.0, 0.0, 1.0);(0.3, 1.0, 0.1);(0.1, 0.2, 0.0, 1.0);(-0.1, 0.9, 0.0);(0.0, 0.0, 0.0, 1.0);
226;12/16/2021 6:21:51 PM 649;(0.0, 0.7, -0.2);(-0.6, 0.0, -0.2, 0.8);(0.0, 0.7, -0.2);(-0.6, 0.2, -0.3, 0.7);TouchPointRight (HR_Toolkit.RedirectionObject);BodyWarping_Zenner_Extended;(0.1, 1.0, 0.1);(0.1, 0.0, 0.0, 1.0);(0.3, 1.0, 0.1);(0.1, 0.2, 0.0, 1.0);(-0.1, 0.9, 0.0);(0.0, 0.0, 0.0, 1.0);
227;12/16/2021 6:21:51 PM 665;(0.0, 0.7, -0.2);(-0.6, 0.0, -0.2, 0.8);(0.0, 0.7, -0.2);(-0.6, 0.2, -0.3, 0.7);TouchPointRight (HR_Toolkit.RedirectionObject);BodyWarping_Zenner_Extended;(0.1, 1.0, 0.1);(0.1, 0.0, 0.0, 1.0);(0.3, 1.0, 0.1);(0.1, 0.2, 0.0, 1.0);(-0.1, 0.9, 0.0);(0.0, 0.0, 0.0, 1.0);
228;12/16/2021 6:21:51 PM 708;(0.0, 0.7, -0.2);(-0.6, 0.0, -0.2, 0.8);(0.0, 0.7, -0.2);(-0.6, 0.2, -0.3, 0.7);TouchPointRight (HR_Toolkit.RedirectionObject);BodyWarping_Zenner_Extended;(0.1, 1.0, 0.1);(0.1, 0.0, 0.0, 1.0);(0.3, 1.0, 0.1);(0.1, 0.2, 0.0, 1.0);(-0.1, 0.9, 0.0);(0.0, 0.0, 0.0, 1.0);
229;12/16/2021 6:21:51 PM 720;(0.0, 0.7, -0.2);(-0.6, 0.0, -0.2, 0.8);(0.0, 0.7, -0.2);(-0.6, 0.2, -0.3, 0.7);TouchPointRight (HR_Toolkit.RedirectionObject);BodyWarping_Zenner_Extended;(0.1, 1.0, 0.1);(0.1, 0.0, 0.0, 1.0);(0.3, 1.0, 0.1);(0.1, 0.2, 0.0, 1.0);(-0.1, 0.9, 0.0);(0.0, 0.0, 0.0, 1.0);
230;12/16/2021 6:21:51 PM 745;(0.0, 0.7, -0.2);(-0.6, 0.0, -0.3, 0.8);(0.0, 0.7, -0.2);(-0.6, 0.2, -0.3, 0.7);TouchPointRight (HR_Toolkit.RedirectionObject);BodyWarping_Zenner_Extended;(0.1, 1.0, 0.1);(0.1, 0.0, 0.0, 1.0);(0.3, 1.0, 0.1);(0.1, 0.2, 0.0, 1.0);(-0.1, 0.9, 0.0);(0.0, 0.0, 0.0, 1.0);
231;12/16/2021 6:21:51 PM 764;(0.0, 0.7, -0.2);(-0.6, 0.0, -0.3, 0.8);(0.0, 0.7, -0.2);(-0.6, 0.2, -0.3, 0.7);TouchPointRight (HR_Toolkit.RedirectionObject);BodyWarping_Zenner_Extended;(0.1, 1.0, 0.1);(0.1, 0.0, 0.0, 1.0);(0.3, 1.0, 0.1);(0.1, 0.2, 0.0, 1.0);(-0.1, 0.9, 0.0);(0.0, 0.0, 0.0, 1.0);
232;12/16/2021 6:21:51 PM 777;(0.0, 0.7, -0.2);(-0.6, 0.0, -0.3, 0.8);(0.0, 0.7, -0.2);(-0.6, 0.2, -0.3, 0.7);TouchPointRight (HR_Toolkit.RedirectionObject);BodyWarping_Zenner_Extended;(0.1, 1.0, 0.1);(0.1, 0.0, 0.0, 1.0);(0.3, 1.0, 0.1);(0.1, 0.2, 0.0, 1.0);(-0.1, 0.9, 0.0);(0.0, 0.0, 0.0, 1.0);
233;12/16/2021 6:21:51 PM 796;(0.0, 0.7, -0.2);(-0.6, 0.0, -0.3, 0.8);(0.0, 0.7, -0.2);(-0.6, 0.2, -0.3, 0.7);TouchPointRight (HR_Toolkit.RedirectionObject);BodyWarping_Zenner_Extended;(0.1, 1.0, 0.1);(0.1, 0.0, 0.0, 1.0);(0.3, 1.0, 0.1);(0.1, 0.2, 0.0, 1.0);(-0.1, 0.9, 0.0);(0.0, 0.0, 0.0, 1.0);
234;12/16/2021 6:21:51 PM 810;(0.0, 0.7, -0.2);(-0.6, 0.0, -0.3, 0.8);(0.0, 0.7, -0.2);(-0.6, 0.2, -0.3, 0.7);TouchPointRight (HR_Toolkit.RedirectionObject);BodyWarping_Zenner_Extended;(0.1, 1.0, 0.1);(0.1, 0.0, 0.0, 1.0);(0.3, 1.0, 0.1);(0.1, 0.2, 0.0, 1.0);(-0.1, 0.9, 0.0);(0.0, 0.0, 0.0, 1.0);
235;12/16/2021 6:21:51 PM 830;(0.0, 0.7, -0.2);(-0.6, 0.0, -0.3, 0.8);(0.0, 0.7, -0.2);(-0.6, 0.2, -0.3, 0.7);TouchPointRight (HR_Toolkit.RedirectionObject);BodyWarping_Zenner_Extended;(0.1, 1.0, 0.1);(0.1, 0.0, 0.0, 1.0);(0.3, 1.0, 0.1);(0.1, 0.2, 0.0, 1.0);(-0.1, 0.9, 0.0);(0.0, 0.0, 0.0, 1.0);
236;12/16/2021 6:21:51 PM 843;(0.0, 0.7, -0.2);(-0.6, 0.0, -0.3, 0.8);(0.0, 0.7, -0.2);(-0.6, 0.2, -0.3, 0.7);TouchPointRight (HR_Toolkit.RedirectionObject);BodyWarping_Zenner_Extended;(0.1, 1.0, 0.1);(0.1, 0.0, 0.0, 1.0);(0.3, 1.0, 0.1);(0.1, 0.2, 0.0, 1.0);(-0.1, 0.9, 0.0);(0.0, 0.0, 0.0, 1.0);
237;12/16/2021 6:21:51 PM 862;(0.0, 0.7, -0.2);(-0.6, 0.0, -0.3, 0.8);(0.0, 0.7, -0.2);(-0.6, 0.2, -0.3, 0.7);TouchPointRight (HR_Toolkit.RedirectionObject);BodyWarping_Zenner_Extended;(0.1, 1.0, 0.1);(0.1, 0.0, 0.0, 1.0);(0.3, 1.0, 0.1);(0.1, 0.2, 0.0, 1.0);(-0.1, 0.9, 0.0);(0.0, 0.0, 0.0, 1.0);
238;12/16/2021 6:21:51 PM 876;(0.0, 0.7, -0.2);(-0.6, 0.0, -0.3, 0.8);(0.0, 0.7, -0.2);(-0.6, 0.2, -0.3, 0.7);TouchPointRight (HR_Toolkit.RedirectionObject);BodyWarping_Zenner_Extended;(0.1, 1.0, 0.1);(0.1, 0.0, 0.0, 1.0);(0.3, 1.0, 0.1);(0.1, 0.2, 0.0, 1.0);(-0.1, 0.9, 0.0);(0.0, 0.0, 0.0, 1.0);
239;12/16/2021 6:21:51 PM 897;(0.0, 0.7, -0.2);(-0.6, 0.0, -0.3, 0.8);(0.0, 0.7, -0.2);(-0.6, 0.2, -0.3, 0.7);TouchPointRight (HR_Toolkit.RedirectionObject);BodyWarping_Zenner_Extended;(0.1, 1.0, 0.1);(0.1, 0.0, 0.0, 1.0);(0.3, 1.0, 0.1);(0.1, 0.2, 0.0, 1.0);(-0.1, 0.9, 0.0);(0.0, 0.0, 0.0, 1.0);
240;12/16/2021 6:21:51 PM 911;(0.0, 0.7, -0.2);(-0.6, 0.0, -0.3, 0.8);(0.0, 0.7, -0.2);(-0.6, 0.2, -0.3, 0.7);TouchPointRight (HR_Toolkit.RedirectionObject);BodyWarping_Zenner_Extended;(0.1, 1.0, 0.1);(0.1, 0.0, 0.0, 1.0);(0.3, 1.0, 0.1);(0.1, 0.2, 0.0, 1.0);(-0.1, 0.9, 0.0);(0.0, 0.0, 0.0, 1.0);
241;12/16/2021 6:21:51 PM 929;(0.0, 0.7, -0.2);(-0.6, 0.0, -0.3, 0.8);(0.0, 0.7, -0.2);(-0.6, 0.2, -0.3, 0.7);TouchPointRight (HR_Toolkit.RedirectionObject);BodyWarping_Zenner_Extended;(0.1, 1.0, 0.1);(0.1, 0.0, 0.0, 1.0);(0.3, 1.0, 0.1);(0.1, 0.2, 0.0, 1.0);(-0.1, 0.9, 0.0);(0.0, 0.0, 0.0, 1.0);
242;12/16/2021 6:21:51 PM 943;(0.0, 0.7, -0.2);(-0.6, 0.0, -0.3, 0.8);(0.0, 0.7, -0.2);(-0.6, 0.2, -0.3, 0.7);TouchPointRight (HR_Toolkit.RedirectionObject);BodyWarping_Zenner_Extended;(0.1, 1.0, 0.1);(0.1, 0.0, 0.0, 1.0);(0.3, 1.0, 0.1);(0.1, 0.2, 0.0, 1.0);(-0.1, 0.9, 0.0);(0.0, 0.0, 0.0, 1.0);
243;12/16/2021 6:21:51 PM 963;(0.0, 0.7, -0.2);(-0.6, 0.0, -0.3, 0.8);(0.0, 0.7, -0.2);(-0.6, 0.2, -0.3, 0.7);TouchPointRight (HR_Toolkit.RedirectionObject);BodyWarping_Zenner_Extended;(0.1, 1.0, 0.1);(0.1, 0.0, 0.0, 1.0);(0.3, 1.0, 0.1);(0.1, 0.2, 0.0, 1.0);(-0.1, 0.9, 0.0);(0.0, 0.0, 0.0, 1.0);
244;12/16/2021 6:21:51 PM 977;(0.0, 0.7, -0.2);(-0.6, 0.0, -0.3, 0.8);(0.0, 0.7, -0.2);(-0.6, 0.2, -0.3, 0.7);TouchPointRight (HR_Toolkit.RedirectionObject);BodyWarping_Zenner_Extended;(0.1, 1.0, 0.1);(0.1, 0.0, 0.0, 1.0);(0.3, 1.0, 0.1);(0.1, 0.2, 0.0, 1.0);(-0.1, 0.9, 0.0);(0.0, 0.0, 0.0, 1.0);
245;12/16/2021 6:21:51 PM 995;(0.0, 0.7, -0.2);(-0.6, 0.0, -0.3, 0.8);(0.0, 0.7, -0.2);(-0.6, 0.2, -0.3, 0.7);TouchPointRight (HR_Toolkit.RedirectionObject);BodyWarping_Zenner_Extended;(0.1, 1.0, 0.1);(0.1, 0.0, 0.0, 1.0);(0.3, 1.0, 0.1);(0.1, 0.2, 0.0, 1.0);(-0.1, 0.9, 0.0);(0.0, 0.0, 0.0, 1.0);
246;12/16/2021 6:21:52 PM 9;(0.0, 0.7, -0.2);(-0.6, 0.0, -0.3, 0.8);(0.0, 0.7, -0.2);(-0.6, 0.2, -0.3, 0.7);TouchPointRight (HR_Toolkit.RedirectionObject);BodyWarping_Zenner_Extended;(0.1, 1.0, 0.1);(0.1, 0.0, 0.0, 1.0);(0.3, 1.0, 0.1);(0.1, 0.2, 0.0, 1.0);(-0.1, 0.9, 0.0);(0.0, 0.0, 0.0, 1.0);
247;12/16/2021 6:21:52 PM 29;(0.0, 0.7, -0.2);(-0.6, 0.0, -0.3, 0.8);(0.0, 0.7, -0.2);(-0.6, 0.2, -0.3, 0.7);TouchPointRight (HR_Toolkit.RedirectionObject);BodyWarping_Zenner_Extended;(0.1, 1.0, 0.1);(0.1, 0.0, 0.0, 1.0);(0.3, 1.0, 0.1);(0.1, 0.2, 0.0, 1.0);(-0.1, 0.9, 0.0);(0.0, 0.0, 0.0, 1.0);
248;12/16/2021 6:21:52 PM 43;(0.0, 0.7, -0.2);(-0.6, 0.0, -0.3, 0.8);(0.0, 0.7, -0.2);(-0.6, 0.2, -0.3, 0.7);TouchPointRight (HR_Toolkit.RedirectionObject);BodyWarping_Zenner_Extended;(0.1, 1.0, 0.1);(0.1, 0.0, 0.0, 1.0);(0.3, 1.0, 0.1);(0.1, 0.2, 0.0, 1.0);(-0.1, 0.9, 0.0);(0.0, 0.0, 0.0, 1.0);
249;12/16/2021 6:21:52 PM 63;(0.0, 0.7, -0.2);(-0.6, 0.0, -0.3, 0.8);(0.0, 0.7, -0.2);(-0.6, 0.2, -0.3, 0.7);TouchPointRight (HR_Toolkit.RedirectionObject);BodyWarping_Zenner_Extended;(0.1, 1.0, 0.1);(0.1, 0.0, 0.0, 1.0);(0.3, 1.0, 0.1);(0.1, 0.2, 0.0, 1.0);(-0.1, 0.9, 0